[{"model": "foodcartapp.restaurant", "pk": 1, "fields": {"name": "Star Burger Арбат", "address": "Москва, ул. Новый Арбат, 15", "contact_phone": "+7 (967) 157-44-13"}}, {"model": "foodcartapp.restaurant", "pk": 2, "fields": {"name": "Star Burger Цветной", "address": "Москва, Цветной бульвар, 11с2", "contact_phone": "+7 (929) 949-55-36"}}, {"model": "foodcartapp.restaurant", "pk": 3, "fields": {"name": "Star Burger Европейский", "address": "Москва, пл. Киевского Вокзала, 2", "contact_phone": "+7 (929) 680-47-58"}}, {"model": "foodcartapp.productcategory", "pk": 1, "fields": {"name": "Бургер"}}, {"model": "foodcartapp.productcategory", "pk": 2, "fields": {"name": "Ролл"}}, {"model": "foodcartapp.product", "pk": 1, "fields": {"name": "Стейкхаус", "category": 1, "price": "269.00", "image": "steak_6IQZkw3.jpg", "special_status": false, "description": "Стейкхаус – это сочетание нашей фирменной, приготовленной на огне 100% говядины с ломтиками бекона и соусом «Барбекю», майонезом, листьями свежего салата, помидором и хрустящим луком на воздушной було"}}, {"model": "foodcartapp.product", "pk": 2, "fields": {"name": "Лонг Чизбургер", "category": 1, "price": "219.00", "image": "long_chiz_vKjkLza.jpg", "special_status": false, "description": "Лонг Чизбургер – эталон в коллекции чизбургеров! Два приготовленных на огне бифштекса с двумя ломтиками слегка расплавленного сыра, хрустящими огурчиками, рубленым луком, горчицей и кетчупом на длинно"}}, {"model": "foodcartapp.product", "pk": 3, "fields": {"name": "Тройной Воппер", "category": 1, "price": "369.00", "image": "triple_vopper_dImTSCx.jpg", "special_status": false, "description": "ВОППЕР® — это вкуснейшая приготовленная на огне 100% говядина с сочными помидорами, свежим нарезанным листовым салатом, густым майонезом, хрустящими маринованными огурчиками и свежим луком на нежной б"}}, {"model": "foodcartapp.product", "pk": 4, "fields": {"name": "Беконайзер", "category": 1, "price": "319.00", "image": "beconizer_TAJsGc0.jpg", "special_status": false, "description": "Встречай самый внушительный бургер в коллекции Бургер Кинг. Много мяса, много бекона и много сыра - все, как ты любишь, и ничего лишнего"}}, {"model": "foodcartapp.product", "pk": 5, "fields": {"name": "Фиш Ролл", "category": 2, "price": "199.00", "image": "fish_roll_aLVwjm8.jpg", "special_status": false, "description": "Наш новый ролл с аппетитной котлеткой из филе белой рыбы, с фирменным соусом"}}, {"model": "foodcartapp.product", "pk": 6, "fields": {"name": "Шримп Ролл", "category": 2, "price": "200.00", "image": "shrimp_roll_R8ZhVuO.jpg", "special_status": false, "description": "Легкий ролл с нежными королевскими креветками в хрустящей панировке, свежий салат Айсберг и ломтик сыра в пшеничной лепешке под фирменным соусом «Кинг». Внимание! Блюдо содержит аллергены – морепродук"}}, {"model": "foodcartapp.restaurantmenuitem", "pk": 1, "fields": {"restaurant": 1, "product": 1, "availability": true}}, {"model": "foodcartapp.restaurantmenuitem", "pk": 2, "fields": {"restaurant": 1, "product": 2, "availability": true}}, {"model": "foodcartapp.restaurantmenuitem", "pk": 3, "fields": {"restaurant": 1, "product": 5, "availability": true}}, {"model": "foodcartapp.restaurantmenuitem", "pk": 4, "fields": {"restaurant": 1, "product": 4, "availability": true}}, {"model": "foodcartapp.restaurantmenuitem", "pk": 5, "fields": {"restaurant": 2, "product": 1, "availability": true}}, {"model": "foodcartapp.restaurantmenuitem", "pk": 6, "fields": {"restaurant": 2, "product": 2, "availability": true}}, {"model": "foodcartapp.restaurantmenuitem", "pk": 7, "fields": {"restaurant": 2, "product": 3, "availability": true}}, {"model": "foodcartapp.restaurantmenuitem", "pk": 8, "fields": {"restaurant": 2, "product": 4, "availability": true}}, {"model": "foodcartapp.restaurantmenuitem", "pk": 9, "fields": {"restaurant": 2, "product": 5, "availability": true}}, {"model": "foodcartapp.restaurantmenuitem", "pk": 10, "fields": {"restaurant": 3, "product": 1, "availability": true}}, {"model": "foodcartapp.restaurantmenuitem", "pk": 11, "fields": {"restaurant": 3, "product": 2, "availability": true}}, {"model": "foodcartapp.restaurantmenuitem", "pk": 12, "fields": {"restaurant": 3, "product": 3, "availability": true}}, {"model": "foodcartapp.restaurantmenuitem", "pk": 13, "fields": {"restaurant": 3, "product": 4, "availability": true}}, {"model": "foodcartapp.restaurantmenuitem", "pk": 14, "fields": {"restaurant": 3, "product": 5, "availability": true}}, {"model": "foodcartapp.restaurantmenuitem", "pk": 15, "fields": {"restaurant": 3, "product": 6, "availability": true}}, {"model": "foodcartapp.order", "pk": 1, "fields": {"firstname": "Есения", "lastname": "Иванова", "phonenumber": "+79876543211", "address": "Серпухов", "comment": "без грибов", "registered_at": "2022-05-17T15:17:47.972Z", "called_at": null, "delivery_at": null, "status": "PROCESSED", "payment_method": "ONLINE", "selected_restaurant": 3}}, {"model": "foodcartapp.order", "pk": 2, "fields": {"firstname": "Василий", "lastname": "Фролов", "phonenumber": "+12125552368", "address": "Арбат 11", "comment": "", "registered_at": "2022-05-17T15:18:49.947Z", "called_at": null, "delivery_at": null, "status": "PROCESSED", "payment_method": "ONLINE", "selected_restaurant": 2}}, {"model": "foodcartapp.order", "pk": 3, "fields": {"firstname": "Анна", "lastname": "Маслова", "phonenumber": "+79876543211", "address": "Москва, Красная площадь", "comment": "", "registered_at": "2022-05-17T15:19:38.394Z", "called_at": null, "delivery_at": null, "status": "PROCESSED", "payment_method": "ONLINE", "selected_restaurant": 1}}, {"model": "foodcartapp.order", "pk": 4, "fields": {"firstname": "Ольга", "lastname": "Жукова", "phonenumber": "+79019832933", "address": "Охотный ряд 1", "comment": "", "registered_at": "2022-05-17T15:20:21.012Z", "called_at": null, "delivery_at": null, "status": "PROCESSED", "payment_method": "ONLINE", "selected_restaurant": 2}}, {"model": "foodcartapp.order", "pk": 5, "fields": {"firstname": "Анна", "lastname": "Николаева", "phonenumber": "+79876533211", "address": "Подольск", "comment": "", "registered_at": "2022-05-17T15:24:50.189Z", "called_at": null, "delivery_at": null, "status": "UNPROCESSED", "payment_method": "ONLINE", "selected_restaurant": null}}, {"model": "foodcartapp.order", "pk": 6, "fields": {"firstname": "Иван", "lastname": "Иванов", "phonenumber": "+79987654432", "address": "Обнинск", "comment": "", "registered_at": "2022-05-17T15:25:29.203Z", "called_at": null, "delivery_at": null, "status": "UNPROCESSED", "payment_method": "ONLINE", "selected_restaurant": null}}, {"model": "foodcartapp.order", "pk": 7, "fields": {"firstname": "ваня", "lastname": "ванинов", "phonenumber": "+79876543211", "address": "Санкт-Петербург", "comment": "", "registered_at": "2022-05-17T15:26:07.671Z", "called_at": null, "delivery_at": null, "status": "UNPROCESSED", "payment_method": "ONLINE", "selected_restaurant": null}}, {"model": "foodcartapp.order", "pk": 8, "fields": {"firstname": "Федя", "lastname": "Иванов", "phonenumber": "+79876565432", "address": "Москва, Кисельный 10", "comment": "", "registered_at": "2022-05-17T20:41:21.840Z", "called_at": null, "delivery_at": null, "status": "UNPROCESSED", "payment_method": "ONLINE", "selected_restaurant": null}}, {"model": "foodcartapp.order", "pk": 11, "fields": {"firstname": "робин", "lastname": "бобин", "phonenumber": "+79876543211", "address": "маросейка 12", "comment": "", "registered_at": "2022-05-20T09:22:50.528Z", "called_at": null, "delivery_at": null, "status": "UNPROCESSED", "payment_method": "ONLINE", "selected_restaurant": null}}, {"model": "foodcartapp.order", "pk": 17, "fields": {"firstname": "саша", "lastname": "каретный", "phonenumber": "+79019832933", "address": "Самара", "comment": "", "registered_at": "2022-05-20T10:10:06.599Z", "called_at": null, "delivery_at": null, "status": "UNPROCESSED", "payment_method": "ONLINE", "selected_restaurant": null}}, {"model": "foodcartapp.order", "pk": 18, "fields": {"firstname": "сева", "lastname": "райский", "phonenumber": "+79129998765", "address": "петровка 38", "comment": "", "registered_at": "2022-05-20T10:13:25.409Z", "called_at": null, "delivery_at": null, "status": "UNPROCESSED", "payment_method": "CASH", "selected_restaurant": null}}, {"model": "foodcartapp.order", "pk": 20, "fields": {"firstname": "счсчс", "lastname": "счсчс", "phonenumber": "+79019832933", "address": "тверь", "comment": "", "registered_at": "2022-05-20T10:21:14.940Z", "called_at": null, "delivery_at": null, "status": "UNPROCESSED", "payment_method": "ONLINE", "selected_restaurant": null}}, {"model": "foodcartapp.order", "pk": 25, "fields": {"firstname": "павел", "lastname": "дуров", "phonenumber": "+79076787654", "address": "Омск", "comment": "", "registered_at": "2022-05-20T10:55:43.079Z", "called_at": null, "delivery_at": null, "status": "UNPROCESSED", "payment_method": "ONLINE", "selected_restaurant": null}}, {"model": "foodcartapp.order", "pk": 32, "fields": {"firstname": "vмитя", "lastname": "митев", "phonenumber": "+79876543211", "address": "Орел", "comment": "", "registered_at": "2022-05-20T11:32:37.874Z", "called_at": null, "delivery_at": null, "status": "UNPROCESSED", "payment_method": "ONLINE", "selected_restaurant": null}}, {"model": "foodcartapp.order", "pk": 33, "fields": {"firstname": "митя", "lastname": "петров", "phonenumber": "+79876543211", "address": "Орёл, Ленина 1", "comment": "", "registered_at": "2022-05-20T11:33:27.471Z", "called_at": null, "delivery_at": null, "status": "UNPROCESSED", "payment_method": "ONLINE", "selected_restaurant": null}}, {"model": "foodcartapp.order", "pk": 34, "fields": {"firstname": "митя", "lastname": "васин", "phonenumber": "+79876543211", "address": "Москва", "comment": "", "registered_at": "2022-05-20T11:35:34.504Z", "called_at": null, "delivery_at": null, "status": "UNPROCESSED", "payment_method": "ONLINE", "selected_restaurant": null}}, {"model": "foodcartapp.order", "pk": 38, "fields": {"firstname": "ddd", "lastname": "asd", "phonenumber": "+79876543211", "address": "Техас", "comment": "", "registered_at": "2022-05-20T13:20:08.654Z", "called_at": null, "delivery_at": null, "status": "UNPROCESSED", "payment_method": "ONLINE", "selected_restaurant": null}}, {"model": "foodcartapp.order", "pk": 39, "fields": {"firstname": "asdasd", "lastname": "asdasds", "phonenumber": "+79876543211", "address": "Лондон", "comment": "", "registered_at": "2022-05-20T13:31:12.169Z", "called_at": null, "delivery_at": null, "status": "UNPROCESSED", "payment_method": "ONLINE", "selected_restaurant": null}}, {"model": "foodcartapp.order", "pk": 40, "fields": {"firstname": "Василий", "lastname": "Васильевич", "phonenumber": "+79123456789", "address": "Лондон", "comment": "", "registered_at": "2022-05-25T13:11:16.044Z", "called_at": null, "delivery_at": null, "status": "UNPROCESSED", "payment_method": "", "selected_restaurant": null}}, {"model": "foodcartapp.order", "pk": 42, "fields": {"firstname": "марфа", "lastname": "никитична", "phonenumber": "+79123456789", "address": "Вашингтон", "comment": "", "registered_at": "2022-05-25T14:22:21.535Z", "called_at": null, "delivery_at": null, "status": "UNPROCESSED", "payment_method": "", "selected_restaurant": null}}, {"model": "foodcartapp.order", "pk": 43, "fields": {"firstname": "евлампия", "lastname": "ивановв", "phonenumber": "+79019832933", "address": "Карачев", "comment": "", "registered_at": "2022-05-25T15:03:18.030Z", "called_at": null, "delivery_at": null, "status": "UNPROCESSED", "payment_method": "", "selected_restaurant": null}}, {"model": "foodcartapp.order", "pk": 44, "fields": {"firstname": "ddd", "lastname": "dasdasd", "phonenumber": "+79876543211", "address": "Волоколамск", "comment": "", "registered_at": "2022-05-25T15:39:18.862Z", "called_at": null, "delivery_at": null, "status": "UNPROCESSED", "payment_method": "", "selected_restaurant": null}}, {"model": "foodcartapp.order", "pk": 45, "fields": {"firstname": "saasd", "lastname": "sss22", "phonenumber": "+79876543211", "address": "Волгоград", "comment": "", "registered_at": "2022-05-25T18:35:07.556Z", "called_at": null, "delivery_at": null, "status": "UNPROCESSED", "payment_method": "", "selected_restaurant": null}}, {"model": "foodcartapp.order", "pk": 46, "fields": {"firstname": "adasdad", "lastname": "adsadsasd", "phonenumber": "+79876543211", "address": "Казань", "comment": "", "registered_at": "2022-05-25T21:26:51.879Z", "called_at": null, "delivery_at": null, "status": "UNPROCESSED", "payment_method": "", "selected_restaurant": null}}, {"model": "foodcartapp.order", "pk": 47, "fields": {"firstname": "ваня", "lastname": "соколов", "phonenumber": "+79876543211", "address": "Таганрог", "comment": "", "registered_at": "2022-05-30T09:37:51.817Z", "called_at": null, "delivery_at": null, "status": "UNPROCESSED", "payment_method": "", "selected_restaurant": null}}, {"model": "foodcartapp.order", "pk": 48, "fields": {"firstname": "Миша", "lastname": "фомин", "phonenumber": "+79876543211", "address": "Елец", "comment": "", "registered_at": "2022-05-30T09:40:23.580Z", "called_at": null, "delivery_at": null, "status": "UNPROCESSED", "payment_method": "", "selected_restaurant": null}}, {"model": "foodcartapp.order", "pk": 49, "fields": {"firstname": "Никита", "lastname": "Иванов", "phonenumber": "+79876543211", "address": "Пушкин", "comment": "", "registered_at": "2022-05-30T09:42:07.538Z", "called_at": null, "delivery_at": null, "status": "UNPROCESSED", "payment_method": "", "selected_restaurant": null}}, {"model": "foodcartapp.order", "pk": 50, "fields": {"firstname": "dsа", "lastname": "asd", "phonenumber": "+79876543211", "address": "Воркута", "comment": "", "registered_at": "2022-05-30T09:48:37.094Z", "called_at": null, "delivery_at": null, "status": "UNPROCESSED", "payment_method": "", "selected_restaurant": null}}, {"model": "foodcartapp.order", "pk": 51, "fields": {"firstname": "Никита", "lastname": "Васин", "phonenumber": "+79876543211", "address": "Судак", "comment": "", "registered_at": "2022-05-30T09:59:35.065Z", "called_at": null, "delivery_at": null, "status": "UNPROCESSED", "payment_method": "", "selected_restaurant": null}}, {"model": "foodcartapp.order", "pk": 52, "fields": {"firstname": "dsа", "lastname": "asd", "phonenumber": "+79019832933", "address": "Грозный", "comment": "", "registered_at": "2022-05-30T10:00:41.897Z", "called_at": null, "delivery_at": null, "status": "UNPROCESSED", "payment_method": "", "selected_restaurant": null}}, {"model": "foodcartapp.order", "pk": 53, "fields": {"firstname": "dsа", "lastname": "asd", "phonenumber": "+79876543211", "address": "Краганда", "comment": "", "registered_at": "2022-05-30T10:26:58.182Z", "called_at": null, "delivery_at": null, "status": "UNPROCESSED", "payment_method": "", "selected_restaurant": null}}, {"model": "foodcartapp.order", "pk": 54, "fields": {"firstname": "dsа", "lastname": "asd", "phonenumber": "+79876543211", "address": "Барнаул", "comment": "", "registered_at": "2022-05-30T19:05:52.180Z", "called_at": null, "delivery_at": null, "status": "UNPROCESSED", "payment_method": "", "selected_restaurant": null}}, {"model": "foodcartapp.order", "pk": 55, "fields": {"firstname": "Никита", "lastname": "dsdads", "phonenumber": "+79876543211", "address": "Бердянск", "comment": "", "registered_at": "2022-06-05T11:32:51.030Z", "called_at": null, "delivery_at": null, "status": "UNPROCESSED", "payment_method": "", "selected_restaurant": null}}, {"model": "foodcartapp.order", "pk": 56, "fields": {"firstname": "dsа", "lastname": "asd", "phonenumber": "+79876543211", "address": "Рыбинск", "comment": "", "registered_at": "2022-06-05T11:33:39.231Z", "called_at": null, "delivery_at": null, "status": "UNPROCESSED", "payment_method": "", "selected_restaurant": null}}, {"model": "foodcartapp.order", "pk": 57, "fields": {"firstname": "xcxzcscs", "lastname": "asd", "phonenumber": "+79876543211", "address": "Домодедово", "comment": "", "registered_at": "2022-06-05T11:36:27.835Z", "called_at": null, "delivery_at": null, "status": "UNPROCESSED", "payment_method": "", "selected_restaurant": null}}, {"model": "foodcartapp.order", "pk": 58, "fields": {"firstname": "jj", "lastname": "jj", "phonenumber": "+79876543211", "address": "Строгино", "comment": "", "registered_at": "2022-06-05T12:26:34.551Z", "called_at": null, "delivery_at": null, "status": "UNPROCESSED", "payment_method": "", "selected_restaurant": null}}, {"model": "foodcartapp.order", "pk": 59, "fields": {"firstname": "фывфы", "lastname": "фывы", "phonenumber": "+79876543211", "address": "Домодедово", "comment": "", "registered_at": "2022-06-05T12:27:23.558Z", "called_at": null, "delivery_at": null, "status": "UNPROCESSED", "payment_method": "", "selected_restaurant": null}}, {"model": "foodcartapp.order", "pk": 60, "fields": {"firstname": "nnnvv", "lastname": "vvv", "phonenumber": "+79876543211", "address": "*", "comment": "", "registered_at": "2022-06-05T15:34:44.640Z", "called_at": null, "delivery_at": null, "status": "UNPROCESSED", "payment_method": "", "selected_restaurant": null}}, {"model": "foodcartapp.order", "pk": 61, "fields": {"firstname": "dsа", "lastname": "asd", "phonenumber": "+79876543211", "address": ";", "comment": "", "registered_at": "2022-06-05T15:35:33.230Z", "called_at": null, "delivery_at": null, "status": "UNPROCESSED", "payment_method": "", "selected_restaurant": null}}, {"model": "foodcartapp.order", "pk": 62, "fields": {"firstname": "gggg", "lastname": "ddd", "phonenumber": "+79876543211", "address": "@", "comment": "", "registered_at": "2022-06-05T15:36:36.589Z", "called_at": null, "delivery_at": null, "status": "UNPROCESSED", "payment_method": "", "selected_restaurant": null}}, {"model": "foodcartapp.order", "pk": 66, "fields": {"firstname": "dsа", "lastname": "asd", "phonenumber": "+79876543211", "address": "нижнекамск", "comment": "", "registered_at": "2022-06-05T15:59:49.871Z", "called_at": null, "delivery_at": null, "status": "UNPROCESSED", "payment_method": "", "selected_restaurant": null}}, {"model": "foodcartapp.order", "pk": 67, "fields": {"firstname": "Никита", "lastname": "dfgf", "phonenumber": "+79876543211", "address": "Москва", "comment": "", "registered_at": "2022-06-06T16:44:23.189Z", "called_at": null, "delivery_at": null, "status": "UNPROCESSED", "payment_method": "", "selected_restaurant": null}}, {"model": "foodcartapp.order", "pk": 68, "fields": {"firstname": "dsа", "lastname": "asd", "phonenumber": "+79876543211", "address": "Сочи", "comment": "", "registered_at": "2022-06-06T16:44:58.695Z", "called_at": null, "delivery_at": null, "status": "UNPROCESSED", "payment_method": "", "selected_restaurant": null}}, {"model": "foodcartapp.order", "pk": 69, "fields": {"firstname": "dsа", "lastname": "asd", "phonenumber": "+79876543211", "address": "Астана", "comment": "", "registered_at": "2022-06-07T09:00:55.869Z", "called_at": null, "delivery_at": null, "status": "UNPROCESSED", "payment_method": "", "selected_restaurant": null}}, {"model": "foodcartapp.order", "pk": 70, "fields": {"firstname": "фывй", "lastname": "фывфы", "phonenumber": "+79876543211", "address": "фывуцп", "comment": "", "registered_at": "2022-06-07T09:03:38.694Z", "called_at": null, "delivery_at": null, "status": "UNPROCESSED", "payment_method": "", "selected_restaurant": null}}, {"model": "foodcartapp.order", "pk": 71, "fields": {"firstname": "dsа", "lastname": "asd", "phonenumber": "+79876543211", "address": "ждзщдз", "comment": "", "registered_at": "2022-06-07T20:18:09.001Z", "called_at": null, "delivery_at": null, "status": "UNPROCESSED", "payment_method": "", "selected_restaurant": null}}, {"model": "foodcartapp.orderitem", "pk": 1, "fields": {"product": 2, "order": 1, "quantity": 1, "price": "219.00"}}, {"model": "foodcartapp.orderitem", "pk": 2, "fields": {"product": 6, "order": 1, "quantity": 1, "price": "209.00"}}, {"model": "foodcartapp.orderitem", "pk": 3, "fields": {"product": 1, "order": 2, "quantity": 1, "price": "269.00"}}, {"model": "foodcartapp.orderitem", "pk": 4, "fields": {"product": 2, "order": 2, "quantity": 2, "price": "438.00"}}, {"model": "foodcartapp.orderitem", "pk": 5, "fields": {"product": 3, "order": 2, "quantity": 1, "price": "369.00"}}, {"model": "foodcartapp.orderitem", "pk": 6, "fields": {"product": 1, "order": 3, "quantity": 1, "price": "269.00"}}, {"model": "foodcartapp.orderitem", "pk": 7, "fields": {"product": 2, "order": 3, "quantity": 1, "price": "219.00"}}, {"model": "foodcartapp.orderitem", "pk": 8, "fields": {"product": 5, "order": 3, "quantity": 4, "price": "796.00"}}, {"model": "foodcartapp.orderitem", "pk": 9, "fields": {"product": 2, "order": 4, "quantity": 1, "price": "219.00"}}, {"model": "foodcartapp.orderitem", "pk": 10, "fields": {"product": 1, "order": 5, "quantity": 1, "price": "269.00"}}, {"model": "foodcartapp.orderitem", "pk": 11, "fields": {"product": 2, "order": 5, "quantity": 1, "price": "219.00"}}, {"model": "foodcartapp.orderitem", "pk": 12, "fields": {"product": 1, "order": 6, "quantity": 1, "price": "269.00"}}, {"model": "foodcartapp.orderitem", "pk": 13, "fields": {"product": 2, "order": 6, "quantity": 1, "price": "219.00"}}, {"model": "foodcartapp.orderitem", "pk": 14, "fields": {"product": 3, "order": 6, "quantity": 1, "price": "369.00"}}, {"model": "foodcartapp.orderitem", "pk": 15, "fields": {"product": 6, "order": 6, "quantity": 3, "price": "600.00"}}, {"model": "foodcartapp.orderitem", "pk": 16, "fields": {"product": 1, "order": 7, "quantity": 1, "price": "269.00"}}, {"model": "foodcartapp.orderitem", "pk": 17, "fields": {"product": 2, "order": 7, "quantity": 1, "price": "219.00"}}, {"model": "foodcartapp.orderitem", "pk": 18, "fields": {"product": 3, "order": 7, "quantity": 1, "price": "369.00"}}, {"model": "foodcartapp.orderitem", "pk": 19, "fields": {"product": 5, "order": 7, "quantity": 1, "price": "199.00"}}, {"model": "foodcartapp.orderitem", "pk": 20, "fields": {"product": 6, "order": 7, "quantity": 1, "price": "200.00"}}, {"model": "foodcartapp.orderitem", "pk": 21, "fields": {"product": 1, "order": 8, "quantity": 1, "price": "269.00"}}, {"model": "foodcartapp.orderitem", "pk": 25, "fields": {"product": 3, "order": 11, "quantity": 1, "price": "369.00"}}, {"model": "foodcartapp.orderitem", "pk": 26, "fields": {"product": 2, "order": 11, "quantity": 1, "price": "219.00"}}, {"model": "foodcartapp.orderitem", "pk": 27, "fields": {"product": 1, "order": 11, "quantity": 9, "price": "2421.00"}}, {"model": "foodcartapp.orderitem", "pk": 28, "fields": {"product": 4, "order": 11, "quantity": 1, "price": "319.00"}}, {"model": "foodcartapp.orderitem", "pk": 29, "fields": {"product": 5, "order": 11, "quantity": 1, "price": "199.00"}}, {"model": "foodcartapp.orderitem", "pk": 30, "fields": {"product": 6, "order": 11, "quantity": 1, "price": "200.00"}}, {"model": "foodcartapp.orderitem", "pk": 38, "fields": {"product": 3, "order": 17, "quantity": 1, "price": "369.00"}}, {"model": "foodcartapp.orderitem", "pk": 39, "fields": {"product": 3, "order": 18, "quantity": 7, "price": "2583.00"}}, {"model": "foodcartapp.orderitem", "pk": 41, "fields": {"product": 3, "order": 20, "quantity": 1, "price": "369.00"}}, {"model": "foodcartapp.orderitem", "pk": 46, "fields": {"product": 3, "order": 25, "quantity": 1, "price": "369.00"}}, {"model": "foodcartapp.orderitem", "pk": 53, "fields": {"product": 3, "order": 32, "quantity": 1, "price": "369.00"}}, {"model": "foodcartapp.orderitem", "pk": 54, "fields": {"product": 2, "order": 33, "quantity": 1, "price": "219.00"}}, {"model": "foodcartapp.orderitem", "pk": 55, "fields": {"product": 2, "order": 34, "quantity": 1, "price": "219.00"}}, {"model": "foodcartapp.orderitem", "pk": 59, "fields": {"product": 3, "order": 38, "quantity": 1, "price": "369.00"}}, {"model": "foodcartapp.orderitem", "pk": 60, "fields": {"product": 3, "order": 39, "quantity": 1, "price": "2583.00"}}, {"model": "foodcartapp.orderitem", "pk": 61, "fields": {"product": 1, "order": 40, "quantity": 1, "price": "269.00"}}, {"model": "foodcartapp.orderitem", "pk": 63, "fields": {"product": 2, "order": 42, "quantity": 1, "price": "219.00"}}, {"model": "foodcartapp.orderitem", "pk": 64, "fields": {"product": 3, "order": 43, "quantity": 1, "price": "369.00"}}, {"model": "foodcartapp.orderitem", "pk": 65, "fields": {"product": 2, "order": 44, "quantity": 1, "price": "219.00"}}, {"model": "foodcartapp.orderitem", "pk": 66, "fields": {"product": 2, "order": 45, "quantity": 1, "price": "219.00"}}, {"model": "foodcartapp.orderitem", "pk": 67, "fields": {"product": 3, "order": 46, "quantity": 1, "price": "369.00"}}, {"model": "foodcartapp.orderitem", "pk": 68, "fields": {"product": 3, "order": 47, "quantity": 1, "price": "369.00"}}, {"model": "foodcartapp.orderitem", "pk": 69, "fields": {"product": 2, "order": 48, "quantity": 4, "price": "876.00"}}, {"model": "foodcartapp.orderitem", "pk": 70, "fields": {"product": 2, "order": 49, "quantity": 1, "price": "219.00"}}, {"model": "foodcartapp.orderitem", "pk": 71, "fields": {"product": 3, "order": 50, "quantity": 1, "price": "369.00"}}, {"model": "foodcartapp.orderitem", "pk": 72, "fields": {"product": 3, "order": 51, "quantity": 1, "price": "369.00"}}, {"model": "foodcartapp.orderitem", "pk": 73, "fields": {"product": 2, "order": 51, "quantity": 1, "price": "219.00"}}, {"model": "foodcartapp.orderitem", "pk": 74, "fields": {"product": 3, "order": 52, "quantity": 1, "price": "369.00"}}, {"model": "foodcartapp.orderitem", "pk": 75, "fields": {"product": 1, "order": 53, "quantity": 1, "price": "269.00"}}, {"model": "foodcartapp.orderitem", "pk": 76, "fields": {"product": 3, "order": 54, "quantity": 1, "price": "369.00"}}, {"model": "foodcartapp.orderitem", "pk": 77, "fields": {"product": 2, "order": 55, "quantity": 1, "price": "219.00"}}, {"model": "foodcartapp.orderitem", "pk": 78, "fields": {"product": 3, "order": 56, "quantity": 1, "price": "369.00"}}, {"model": "foodcartapp.orderitem", "pk": 79, "fields": {"product": 3, "order": 57, "quantity": 1, "price": "369.00"}}, {"model": "foodcartapp.orderitem", "pk": 80, "fields": {"product": 3, "order": 58, "quantity": 1, "price": "369.00"}}, {"model": "foodcartapp.orderitem", "pk": 81, "fields": {"product": 3, "order": 59, "quantity": 1, "price": "369.00"}}, {"model": "foodcartapp.orderitem", "pk": 82, "fields": {"product": 3, "order": 60, "quantity": 1, "price": "369.00"}}, {"model": "foodcartapp.orderitem", "pk": 83, "fields": {"product": 3, "order": 61, "quantity": 1, "price": "369.00"}}, {"model": "foodcartapp.orderitem", "pk": 84, "fields": {"product": 2, "order": 62, "quantity": 1, "price": "219.00"}}, {"model": "foodcartapp.orderitem", "pk": 88, "fields": {"product": 3, "order": 66, "quantity": 1, "price": "369.00"}}, {"model": "foodcartapp.orderitem", "pk": 89, "fields": {"product": 3, "order": 67, "quantity": 1, "price": "369.00"}}, {"model": "foodcartapp.orderitem", "pk": 90, "fields": {"product": 3, "order": 68, "quantity": 1, "price": "369.00"}}, {"model": "foodcartapp.orderitem", "pk": 91, "fields": {"product": 2, "order": 69, "quantity": 1, "price": "219.00"}}, {"model": "foodcartapp.orderitem", "pk": 92, "fields": {"product": 2, "order": 70, "quantity": 1, "price": "219.00"}}, {"model": "foodcartapp.orderitem", "pk": 93, "fields": {"product": 2, "order": 71, "quantity": 1, "price": "219.00"}}, {"model": "admin.logentry", "pk": 1, "fields": {"action_time": "2022-05-17T15:10:14.665Z", "user": 1, "content_type": 4, "object_id": "1", "object_repr": "Бургер", "action_flag": 1, "change_message": "[{\"added\": {}}]"}}, {"model": "admin.logentry", "pk": 2, "fields": {"action_time": "2022-05-17T15:11:14.189Z", "user": 1, "content_type": 1, "object_id": "1", "object_repr": "Стейкхаус", "action_flag": 1, "change_message": "[{\"added\": {}}]"}}, {"model": "admin.logentry", "pk": 3, "fields": {"action_time": "2022-05-17T15:11:50.456Z", "user": 1, "content_type": 1, "object_id": "2", "object_repr": "Лонг Чизбургер", "action_flag": 1, "change_message": "[{\"added\": {}}]"}}, {"model": "admin.logentry", "pk": 4, "fields": {"action_time": "2022-05-17T15:12:22.544Z", "user": 1, "content_type": 1, "object_id": "3", "object_repr": "Тройной Воппер", "action_flag": 1, "change_message": "[{\"added\": {}}]"}}, {"model": "admin.logentry", "pk": 5, "fields": {"action_time": "2022-05-17T15:12:58.998Z", "user": 1, "content_type": 1, "object_id": "4", "object_repr": "Беконайзер", "action_flag": 1, "change_message": "[{\"added\": {}}]"}}, {"model": "admin.logentry", "pk": 6, "fields": {"action_time": "2022-05-17T15:13:15.908Z", "user": 1, "content_type": 4, "object_id": "2", "object_repr": "Ролл", "action_flag": 1, "change_message": "[{\"added\": {}}]"}}, {"model": "admin.logentry", "pk": 7, "fields": {"action_time": "2022-05-17T15:13:39.405Z", "user": 1, "content_type": 1, "object_id": "5", "object_repr": "Фиш Ролл", "action_flag": 1, "change_message": "[{\"added\": {}}]"}}, {"model": "admin.logentry", "pk": 8, "fields": {"action_time": "2022-05-17T15:14:00.846Z", "user": 1, "content_type": 1, "object_id": "6", "object_repr": "Шримп Ролл", "action_flag": 1, "change_message": "[{\"added\": {}}]"}}, {"model": "admin.logentry", "pk": 9, "fields": {"action_time": "2022-05-17T15:14:51.851Z", "user": 1, "content_type": 2, "object_id": "1", "object_repr": "Star Burger Арбат", "action_flag": 1, "change_message": "[{\"added\": {}}, {\"added\": {\"name\": \"\\u043f\\u0443\\u043d\\u043a\\u0442 \\u043c\\u0435\\u043d\\u044e \\u0440\\u0435\\u0441\\u0442\\u043e\\u0440\\u0430\\u043d\\u0430\", \"object\": \"Star Burger \\u0410\\u0440\\u0431\\u0430\\u0442 - \\u0421\\u0442\\u0435\\u0439\\u043a\\u0445\\u0430\\u0443\\u0441\"}}, {\"added\": {\"name\": \"\\u043f\\u0443\\u043d\\u043a\\u0442 \\u043c\\u0435\\u043d\\u044e \\u0440\\u0435\\u0441\\u0442\\u043e\\u0440\\u0430\\u043d\\u0430\", \"object\": \"Star Burger \\u0410\\u0440\\u0431\\u0430\\u0442 - \\u041b\\u043e\\u043d\\u0433 \\u0427\\u0438\\u0437\\u0431\\u0443\\u0440\\u0433\\u0435\\u0440\"}}, {\"added\": {\"name\": \"\\u043f\\u0443\\u043d\\u043a\\u0442 \\u043c\\u0435\\u043d\\u044e \\u0440\\u0435\\u0441\\u0442\\u043e\\u0440\\u0430\\u043d\\u0430\", \"object\": \"Star Burger \\u0410\\u0440\\u0431\\u0430\\u0442 - \\u0424\\u0438\\u0448 \\u0420\\u043e\\u043b\\u043b\"}}, {\"added\": {\"name\": \"\\u043f\\u0443\\u043d\\u043a\\u0442 \\u043c\\u0435\\u043d\\u044e \\u0440\\u0435\\u0441\\u0442\\u043e\\u0440\\u0430\\u043d\\u0430\", \"object\": \"Star Burger \\u0410\\u0440\\u0431\\u0430\\u0442 - \\u0411\\u0435\\u043a\\u043e\\u043d\\u0430\\u0439\\u0437\\u0435\\u0440\"}}]"}}, {"model": "admin.logentry", "pk": 10, "fields": {"action_time": "2022-05-17T15:15:37.630Z", "user": 1, "content_type": 2, "object_id": "2", "object_repr": "Star Burger Цветной", "action_flag": 1, "change_message": "[{\"added\": {}}, {\"added\": {\"name\": \"\\u043f\\u0443\\u043d\\u043a\\u0442 \\u043c\\u0435\\u043d\\u044e \\u0440\\u0435\\u0441\\u0442\\u043e\\u0440\\u0430\\u043d\\u0430\", \"object\": \"Star Burger \\u0426\\u0432\\u0435\\u0442\\u043d\\u043e\\u0439 - \\u0421\\u0442\\u0435\\u0439\\u043a\\u0445\\u0430\\u0443\\u0441\"}}, {\"added\": {\"name\": \"\\u043f\\u0443\\u043d\\u043a\\u0442 \\u043c\\u0435\\u043d\\u044e \\u0440\\u0435\\u0441\\u0442\\u043e\\u0440\\u0430\\u043d\\u0430\", \"object\": \"Star Burger \\u0426\\u0432\\u0435\\u0442\\u043d\\u043e\\u0439 - \\u041b\\u043e\\u043d\\u0433 \\u0427\\u0438\\u0437\\u0431\\u0443\\u0440\\u0433\\u0435\\u0440\"}}, {\"added\": {\"name\": \"\\u043f\\u0443\\u043d\\u043a\\u0442 \\u043c\\u0435\\u043d\\u044e \\u0440\\u0435\\u0441\\u0442\\u043e\\u0440\\u0430\\u043d\\u0430\", \"object\": \"Star Burger \\u0426\\u0432\\u0435\\u0442\\u043d\\u043e\\u0439 - \\u0422\\u0440\\u043e\\u0439\\u043d\\u043e\\u0439 \\u0412\\u043e\\u043f\\u043f\\u0435\\u0440\"}}, {\"added\": {\"name\": \"\\u043f\\u0443\\u043d\\u043a\\u0442 \\u043c\\u0435\\u043d\\u044e \\u0440\\u0435\\u0441\\u0442\\u043e\\u0440\\u0430\\u043d\\u0430\", \"object\": \"Star Burger \\u0426\\u0432\\u0435\\u0442\\u043d\\u043e\\u0439 - \\u0411\\u0435\\u043a\\u043e\\u043d\\u0430\\u0439\\u0437\\u0435\\u0440\"}}, {\"added\": {\"name\": \"\\u043f\\u0443\\u043d\\u043a\\u0442 \\u043c\\u0435\\u043d\\u044e \\u0440\\u0435\\u0441\\u0442\\u043e\\u0440\\u0430\\u043d\\u0430\", \"object\": \"Star Burger \\u0426\\u0432\\u0435\\u0442\\u043d\\u043e\\u0439 - \\u0424\\u0438\\u0448 \\u0420\\u043e\\u043b\\u043b\"}}]"}}, {"model": "admin.logentry", "pk": 11, "fields": {"action_time": "2022-05-17T15:16:23.518Z", "user": 1, "content_type": 2, "object_id": "3", "object_repr": "Star Burger Европейский", "action_flag": 1, "change_message": "[{\"added\": {}}, {\"added\": {\"name\": \"\\u043f\\u0443\\u043d\\u043a\\u0442 \\u043c\\u0435\\u043d\\u044e \\u0440\\u0435\\u0441\\u0442\\u043e\\u0440\\u0430\\u043d\\u0430\", \"object\": \"Star Burger \\u0415\\u0432\\u0440\\u043e\\u043f\\u0435\\u0439\\u0441\\u043a\\u0438\\u0439 - \\u0421\\u0442\\u0435\\u0439\\u043a\\u0445\\u0430\\u0443\\u0441\"}}, {\"added\": {\"name\": \"\\u043f\\u0443\\u043d\\u043a\\u0442 \\u043c\\u0435\\u043d\\u044e \\u0440\\u0435\\u0441\\u0442\\u043e\\u0440\\u0430\\u043d\\u0430\", \"object\": \"Star Burger \\u0415\\u0432\\u0440\\u043e\\u043f\\u0435\\u0439\\u0441\\u043a\\u0438\\u0439 - \\u041b\\u043e\\u043d\\u0433 \\u0427\\u0438\\u0437\\u0431\\u0443\\u0440\\u0433\\u0435\\u0440\"}}, {\"added\": {\"name\": \"\\u043f\\u0443\\u043d\\u043a\\u0442 \\u043c\\u0435\\u043d\\u044e \\u0440\\u0435\\u0441\\u0442\\u043e\\u0440\\u0430\\u043d\\u0430\", \"object\": \"Star Burger \\u0415\\u0432\\u0440\\u043e\\u043f\\u0435\\u0439\\u0441\\u043a\\u0438\\u0439 - \\u0422\\u0440\\u043e\\u0439\\u043d\\u043e\\u0439 \\u0412\\u043e\\u043f\\u043f\\u0435\\u0440\"}}, {\"added\": {\"name\": \"\\u043f\\u0443\\u043d\\u043a\\u0442 \\u043c\\u0435\\u043d\\u044e \\u0440\\u0435\\u0441\\u0442\\u043e\\u0440\\u0430\\u043d\\u0430\", \"object\": \"Star Burger \\u0415\\u0432\\u0440\\u043e\\u043f\\u0435\\u0439\\u0441\\u043a\\u0438\\u0439 - \\u0411\\u0435\\u043a\\u043e\\u043d\\u0430\\u0439\\u0437\\u0435\\u0440\"}}, {\"added\": {\"name\": \"\\u043f\\u0443\\u043d\\u043a\\u0442 \\u043c\\u0435\\u043d\\u044e \\u0440\\u0435\\u0441\\u0442\\u043e\\u0440\\u0430\\u043d\\u0430\", \"object\": \"Star Burger \\u0415\\u0432\\u0440\\u043e\\u043f\\u0435\\u0439\\u0441\\u043a\\u0438\\u0439 - \\u0424\\u0438\\u0448 \\u0420\\u043e\\u043b\\u043b\"}}, {\"added\": {\"name\": \"\\u043f\\u0443\\u043d\\u043a\\u0442 \\u043c\\u0435\\u043d\\u044e \\u0440\\u0435\\u0441\\u0442\\u043e\\u0440\\u0430\\u043d\\u0430\", \"object\": \"Star Burger \\u0415\\u0432\\u0440\\u043e\\u043f\\u0435\\u0439\\u0441\\u043a\\u0438\\u0439 - \\u0428\\u0440\\u0438\\u043c\\u043f \\u0420\\u043e\\u043b\\u043b\"}}]"}}, {"model": "admin.logentry", "pk": 12, "fields": {"action_time": "2022-05-17T15:17:48.017Z", "user": 1, "content_type": 5, "object_id": "1", "object_repr": "Есения Иванова, Орел, Ленина 1", "action_flag": 1, "change_message": "[{\"added\": {}}, {\"added\": {\"name\": \"\\u0417\\u0430\\u043a\\u0430\\u0437\\u0430\\u043d\\u043d\\u044b\\u0439 \\u0442\\u043e\\u0432\\u0430\\u0440\", \"object\": \"\\u041b\\u043e\\u043d\\u0433 \\u0427\\u0438\\u0437\\u0431\\u0443\\u0440\\u0433\\u0435\\u0440\"}}, {\"added\": {\"name\": \"\\u0417\\u0430\\u043a\\u0430\\u0437\\u0430\\u043d\\u043d\\u044b\\u0439 \\u0442\\u043e\\u0432\\u0430\\u0440\", \"object\": \"\\u0428\\u0440\\u0438\\u043c\\u043f \\u0420\\u043e\\u043b\\u043b\"}}]"}}, {"model": "admin.logentry", "pk": 13, "fields": {"action_time": "2022-05-17T20:10:03.286Z", "user": 1, "content_type": 13, "object_id": "13", "object_repr": "(36.261224 54.513845) Калуга", "action_flag": 3, "change_message": ""}}, {"model": "admin.logentry", "pk": 14, "fields": {"action_time": "2022-05-17T20:10:03.323Z", "user": 1, "content_type": 13, "object_id": "12", "object_repr": "(54.193122 37.617348) Тула", "action_flag": 3, "change_message": ""}}, {"model": "admin.logentry", "pk": 15, "fields": {"action_time": "2022-05-17T20:10:03.335Z", "user": 1, "content_type": 13, "object_id": "11", "object_repr": "(56.859625 35.91186) Тверь", "action_flag": 3, "change_message": ""}}, {"model": "admin.logentry", "pk": 16, "fields": {"action_time": "2022-05-17T20:10:03.358Z", "user": 1, "content_type": 13, "object_id": "10", "object_repr": "(55.757521 37.616369) Охотный ряд", "action_flag": 3, "change_message": ""}}, {"model": "admin.logentry", "pk": 17, "fields": {"action_time": "2022-05-17T20:10:03.379Z", "user": 1, "content_type": 13, "object_id": "9", "object_repr": "(59.938955 30.315644) Санкт-Петербург", "action_flag": 3, "change_message": ""}}, {"model": "admin.logentry", "pk": 18, "fields": {"action_time": "2022-05-17T20:10:03.390Z", "user": 1, "content_type": 13, "object_id": "8", "object_repr": "(55.117092 36.59705) Обнинск", "action_flag": 3, "change_message": ""}}, {"model": "admin.logentry", "pk": 19, "fields": {"action_time": "2022-05-17T20:10:03.418Z", "user": 1, "content_type": 13, "object_id": "7", "object_repr": "(55.431136 37.544997) Подольск", "action_flag": 3, "change_message": ""}}, {"model": "admin.logentry", "pk": 20, "fields": {"action_time": "2022-05-17T20:10:03.446Z", "user": 1, "content_type": 13, "object_id": "6", "object_repr": "(55.761016 37.627562) лубянка 2", "action_flag": 3, "change_message": ""}}, {"model": "admin.logentry", "pk": 21, "fields": {"action_time": "2022-05-17T20:10:03.464Z", "user": 1, "content_type": 13, "object_id": "5", "object_repr": "(55.753544 37.621211) Москва, Красная площадь", "action_flag": 3, "change_message": ""}}, {"model": "admin.logentry", "pk": 22, "fields": {"action_time": "2022-05-17T20:10:03.556Z", "user": 1, "content_type": 13, "object_id": "4", "object_repr": "(55.751376 37.597684) Арбат 11", "action_flag": 3, "change_message": ""}}, {"model": "admin.logentry", "pk": 23, "fields": {"action_time": "2022-05-17T20:10:03.624Z", "user": 1, "content_type": 13, "object_id": "3", "object_repr": "(52.965745 36.063765) Орел, Ленина 1", "action_flag": 3, "change_message": ""}}, {"model": "admin.logentry", "pk": 24, "fields": {"action_time": "2022-05-17T20:10:03.685Z", "user": 1, "content_type": 13, "object_id": "2", "object_repr": "(50.25665 27.686616) Полянка", "action_flag": 3, "change_message": ""}}, {"model": "admin.logentry", "pk": 25, "fields": {"action_time": "2022-05-17T20:10:03.718Z", "user": 1, "content_type": 13, "object_id": "1", "object_repr": "(50.65426 30.170125) Лубянка", "action_flag": 3, "change_message": ""}}, {"model": "admin.logentry", "pk": 26, "fields": {"action_time": "2022-05-18T11:30:03.234Z", "user": 1, "content_type": 5, "object_id": "4", "object_repr": "Ольга Жукова, Охотный ряд 1", "action_flag": 2, "change_message": "[{\"changed\": {\"fields\": [\"\\u0410\\u0434\\u0440\\u0435\\u0441\"]}}]"}}, {"model": "admin.logentry", "pk": 27, "fields": {"action_time": "2022-05-20T10:21:32.373Z", "user": 1, "content_type": 13, "object_id": "30", "object_repr": "(-119.989365 37.270253) Калифорния", "action_flag": 3, "change_message": ""}}, {"model": "admin.logentry", "pk": 28, "fields": {"action_time": "2022-05-20T10:21:58.417Z", "user": 1, "content_type": 5, "object_id": "19", "object_repr": "стив жобс, Калифорния", "action_flag": 3, "change_message": ""}}, {"model": "admin.logentry", "pk": 29, "fields": {"action_time": "2022-05-20T10:31:08.389Z", "user": 1, "content_type": 5, "object_id": "21", "object_repr": "стив жобс, Калифорния", "action_flag": 3, "change_message": ""}}, {"model": "admin.logentry", "pk": 30, "fields": {"action_time": "2022-05-20T10:37:43.198Z", "user": 1, "content_type": 13, "object_id": "21", "object_repr": "(55.744637 37566072.0) Москва, пл. Киевского Вокзала, 2", "action_flag": 2, "change_message": "[{\"changed\": {\"fields\": [\"\\u0428\\u0438\\u0440\\u043e\\u0442\\u0430\", \"\\u0414\\u043e\\u043b\\u0433\\u043e\\u0442\\u0430\"]}}]"}}, {"model": "admin.logentry", "pk": 31, "fields": {"action_time": "2022-05-20T10:37:56.518Z", "user": 1, "content_type": 13, "object_id": "22", "object_repr": "(55770076.0 37.620429) Москва, Цветной бульвар, 11с2", "action_flag": 2, "change_message": "[{\"changed\": {\"fields\": [\"\\u0428\\u0438\\u0440\\u043e\\u0442\\u0430\", \"\\u0414\\u043e\\u043b\\u0433\\u043e\\u0442\\u0430\"]}}]"}}, {"model": "admin.logentry", "pk": 32, "fields": {"action_time": "2022-05-20T10:38:33.972Z", "user": 1, "content_type": 13, "object_id": "23", "object_repr": "(55.752141 37.59242) Москва, ул. Новый Арбат, 15", "action_flag": 2, "change_message": "[{\"changed\": {\"fields\": [\"\\u0428\\u0438\\u0440\\u043e\\u0442\\u0430\", \"\\u0414\\u043e\\u043b\\u0433\\u043e\\u0442\\u0430\"]}}]"}}, {"model": "admin.logentry", "pk": 33, "fields": {"action_time": "2022-05-20T10:38:50.182Z", "user": 1, "content_type": 13, "object_id": "21", "object_repr": "(55.744637 37.566072) Москва, пл. Киевского Вокзала, 2", "action_flag": 2, "change_message": "[{\"changed\": {\"fields\": [\"\\u0428\\u0438\\u0440\\u043e\\u0442\\u0430\"]}}]"}}, {"model": "admin.logentry", "pk": 34, "fields": {"action_time": "2022-05-20T10:39:06.389Z", "user": 1, "content_type": 13, "object_id": "22", "object_repr": "(55.770076 37.620429) Москва, Цветной бульвар, 11с2", "action_flag": 2, "change_message": "[{\"changed\": {\"fields\": [\"\\u0414\\u043e\\u043b\\u0433\\u043e\\u0442\\u0430\"]}}]"}}, {"model": "admin.logentry", "pk": 35, "fields": {"action_time": "2022-05-20T10:39:10.946Z", "user": 1, "content_type": 13, "object_id": "21", "object_repr": "(55.744637 37.566072) Москва, пл. Киевского Вокзала, 2", "action_flag": 2, "change_message": "[]"}}, {"model": "admin.logentry", "pk": 36, "fields": {"action_time": "2022-05-20T10:39:18.608Z", "user": 1, "content_type": 13, "object_id": "22", "object_repr": "(55.770076 37.620429) Москва, Цветной бульвар, 11с2", "action_flag": 2, "change_message": "[]"}}, {"model": "admin.logentry", "pk": 37, "fields": {"action_time": "2022-05-20T10:39:23.554Z", "user": 1, "content_type": 13, "object_id": "21", "object_repr": "(55.744637 37.566072) Москва, пл. Киевского Вокзала, 2", "action_flag": 2, "change_message": "[]"}}, {"model": "admin.logentry", "pk": 38, "fields": {"action_time": "2022-05-20T10:39:29.563Z", "user": 1, "content_type": 13, "object_id": "22", "object_repr": "(55.770076 37.620429) Москва, Цветной бульвар, 11с2", "action_flag": 2, "change_message": "[]"}}, {"model": "admin.logentry", "pk": 39, "fields": {"action_time": "2022-05-20T10:39:34.341Z", "user": 1, "content_type": 13, "object_id": "23", "object_repr": "(55.752141 37.59242) Москва, ул. Новый Арбат, 15", "action_flag": 2, "change_message": "[]"}}, {"model": "admin.logentry", "pk": 40, "fields": {"action_time": "2022-05-20T10:43:32.819Z", "user": 1, "content_type": 13, "object_id": "21", "object_repr": "(37.566072 55.744637) Москва, пл. Киевского Вокзала, 2", "action_flag": 2, "change_message": "[{\"changed\": {\"fields\": [\"\\u0428\\u0438\\u0440\\u043e\\u0442\\u0430\", \"\\u0414\\u043e\\u043b\\u0433\\u043e\\u0442\\u0430\"]}}]"}}, {"model": "admin.logentry", "pk": 41, "fields": {"action_time": "2022-05-20T10:44:17.430Z", "user": 1, "content_type": 13, "object_id": "22", "object_repr": "(37.620429 55.770076) Москва, Цветной бульвар, 11с2", "action_flag": 2, "change_message": "[{\"changed\": {\"fields\": [\"\\u0428\\u0438\\u0440\\u043e\\u0442\\u0430\", \"\\u0414\\u043e\\u043b\\u0433\\u043e\\u0442\\u0430\"]}}]"}}, {"model": "admin.logentry", "pk": 42, "fields": {"action_time": "2022-05-20T10:44:40.390Z", "user": 1, "content_type": 13, "object_id": "23", "object_repr": "(37.59242 55.752141) Москва, ул. Новый Арбат, 15", "action_flag": 2, "change_message": "[{\"changed\": {\"fields\": [\"\\u0428\\u0438\\u0440\\u043e\\u0442\\u0430\", \"\\u0414\\u043e\\u043b\\u0433\\u043e\\u0442\\u0430\"]}}]"}}, {"model": "admin.logentry", "pk": 43, "fields": {"action_time": "2022-05-20T11:03:58.217Z", "user": 1, "content_type": 5, "object_id": "26", "object_repr": "стив вознег, гвадалахара", "action_flag": 2, "change_message": "[]"}}, {"model": "admin.logentry", "pk": 44, "fields": {"action_time": "2022-05-20T11:04:21.828Z", "user": 1, "content_type": 5, "object_id": "26", "object_repr": "стив вознег, гвадалахара", "action_flag": 2, "change_message": "[]"}}, {"model": "admin.logentry", "pk": 45, "fields": {"action_time": "2022-05-20T11:05:10.951Z", "user": 1, "content_type": 13, "object_id": "35", "object_repr": "(20.676941 -103.345927) гвадалахара", "action_flag": 3, "change_message": ""}}, {"model": "admin.logentry", "pk": 46, "fields": {"action_time": "2022-05-20T11:05:21.390Z", "user": 1, "content_type": 5, "object_id": "26", "object_repr": "стив вознег, гвадалахара", "action_flag": 3, "change_message": ""}}, {"model": "admin.logentry", "pk": 47, "fields": {"action_time": "2022-05-20T11:07:17.979Z", "user": 1, "content_type": 5, "object_id": "27", "object_repr": "стив вознег, гвадалахара", "action_flag": 2, "change_message": "[]"}}, {"model": "admin.logentry", "pk": 48, "fields": {"action_time": "2022-05-20T11:08:00.021Z", "user": 1, "content_type": 13, "object_id": "31", "object_repr": "(-119.989365 37.270253) Калифорния", "action_flag": 3, "change_message": ""}}, {"model": "admin.logentry", "pk": 49, "fields": {"action_time": "2022-05-20T11:08:30.231Z", "user": 1, "content_type": 13, "object_id": "37", "object_repr": "(37.270253 -119.989365) Калифорния", "action_flag": 3, "change_message": ""}}, {"model": "admin.logentry", "pk": 50, "fields": {"action_time": "2022-05-20T11:08:42.478Z", "user": 1, "content_type": 5, "object_id": "22", "object_repr": "стив жобс, Калифорния", "action_flag": 3, "change_message": ""}}, {"model": "admin.logentry", "pk": 51, "fields": {"action_time": "2022-05-20T11:09:45.508Z", "user": 1, "content_type": 5, "object_id": "27", "object_repr": "стив вознег, гвадалахара", "action_flag": 3, "change_message": ""}}, {"model": "admin.logentry", "pk": 52, "fields": {"action_time": "2022-05-20T11:10:00.882Z", "user": 1, "content_type": 5, "object_id": "1", "object_repr": "Есения Иванова, Орел, Ленина 1", "action_flag": 2, "change_message": "[]"}}, {"model": "admin.logentry", "pk": 53, "fields": {"action_time": "2022-05-20T11:10:21.090Z", "user": 1, "content_type": 5, "object_id": "7", "object_repr": "ваня ванинов, Санкт-Петербург", "action_flag": 2, "change_message": "[]"}}, {"model": "admin.logentry", "pk": 54, "fields": {"action_time": "2022-05-20T11:10:58.265Z", "user": 1, "content_type": 5, "object_id": "24", "object_repr": "тим кук, Кали", "action_flag": 2, "change_message": "[]"}}, {"model": "admin.logentry", "pk": 55, "fields": {"action_time": "2022-05-20T11:11:55.735Z", "user": 1, "content_type": 5, "object_id": "28", "object_repr": "стив жобс, Калифорния", "action_flag": 2, "change_message": "[]"}}, {"model": "admin.logentry", "pk": 56, "fields": {"action_time": "2022-05-20T11:14:36.191Z", "user": 1, "content_type": 5, "object_id": "28", "object_repr": "стив жобс, Калифорния", "action_flag": 3, "change_message": ""}}, {"model": "admin.logentry", "pk": 57, "fields": {"action_time": "2022-05-20T11:14:36.200Z", "user": 1, "content_type": 5, "object_id": "24", "object_repr": "тим кук, Кали", "action_flag": 3, "change_message": ""}}, {"model": "admin.logentry", "pk": 58, "fields": {"action_time": "2022-05-20T11:14:36.208Z", "user": 1, "content_type": 5, "object_id": "23", "object_repr": "тим кук, Кали", "action_flag": 3, "change_message": ""}}, {"model": "admin.logentry", "pk": 59, "fields": {"action_time": "2022-05-20T11:15:16.413Z", "user": 1, "content_type": 5, "object_id": "16", "object_repr": "митя иванов, Смоленск", "action_flag": 3, "change_message": ""}}, {"model": "admin.logentry", "pk": 60, "fields": {"action_time": "2022-05-20T11:15:16.423Z", "user": 1, "content_type": 5, "object_id": "15", "object_repr": "митя петров, Смоленск", "action_flag": 3, "change_message": ""}}, {"model": "admin.logentry", "pk": 61, "fields": {"action_time": "2022-05-20T11:15:16.435Z", "user": 1, "content_type": 5, "object_id": "14", "object_repr": "митя митяев, Смоленск", "action_flag": 3, "change_message": ""}}, {"model": "admin.logentry", "pk": 62, "fields": {"action_time": "2022-05-20T11:15:16.444Z", "user": 1, "content_type": 5, "object_id": "13", "object_repr": "рррр рррррв, Смоленск", "action_flag": 3, "change_message": ""}}, {"model": "admin.logentry", "pk": 63, "fields": {"action_time": "2022-05-20T11:15:16.453Z", "user": 1, "content_type": 5, "object_id": "12", "object_repr": "fyz fyzz, моква", "action_flag": 3, "change_message": ""}}, {"model": "admin.logentry", "pk": 64, "fields": {"action_time": "2022-05-20T11:15:44.503Z", "user": 1, "content_type": 5, "object_id": "25", "object_repr": "павел дуров, Омск", "action_flag": 2, "change_message": "[]"}}, {"model": "admin.logentry", "pk": 65, "fields": {"action_time": "2022-05-20T11:16:06.228Z", "user": 1, "content_type": 5, "object_id": "1", "object_repr": "Есения Иванова, Орел, Ленина 1", "action_flag": 2, "change_message": "[]"}}, {"model": "admin.logentry", "pk": 66, "fields": {"action_time": "2022-05-20T11:16:29.585Z", "user": 1, "content_type": 5, "object_id": "1", "object_repr": "Есения Иванова, Орел", "action_flag": 2, "change_message": "[{\"changed\": {\"fields\": [\"\\u0410\\u0434\\u0440\\u0435\\u0441\"]}}]"}}, {"model": "admin.logentry", "pk": 67, "fields": {"action_time": "2022-05-20T11:16:31.263Z", "user": 1, "content_type": 5, "object_id": "1", "object_repr": "Есения Иванова, Орел", "action_flag": 2, "change_message": "[]"}}, {"model": "admin.logentry", "pk": 68, "fields": {"action_time": "2022-05-20T11:24:38.255Z", "user": 1, "content_type": 5, "object_id": "1", "object_repr": "Есения Иванова, Орел", "action_flag": 2, "change_message": "[]"}}, {"model": "admin.logentry", "pk": 69, "fields": {"action_time": "2022-05-20T11:25:37.698Z", "user": 1, "content_type": 5, "object_id": "1", "object_repr": "Есения Иванова, Орел, Ленина 1", "action_flag": 2, "change_message": "[{\"changed\": {\"fields\": [\"\\u0410\\u0434\\u0440\\u0435\\u0441\"]}}]"}}, {"model": "admin.logentry", "pk": 70, "fields": {"action_time": "2022-05-20T11:25:52.960Z", "user": 1, "content_type": 5, "object_id": "1", "object_repr": "Есения Иванова, Орел", "action_flag": 2, "change_message": "[{\"changed\": {\"fields\": [\"\\u0410\\u0434\\u0440\\u0435\\u0441\"]}}]"}}, {"model": "admin.logentry", "pk": 71, "fields": {"action_time": "2022-05-20T11:25:54.016Z", "user": 1, "content_type": 5, "object_id": "1", "object_repr": "Есения Иванова, Орел", "action_flag": 2, "change_message": "[]"}}, {"model": "admin.logentry", "pk": 72, "fields": {"action_time": "2022-05-20T11:26:14.892Z", "user": 1, "content_type": 5, "object_id": "1", "object_repr": "Есения Иванова, Орёл", "action_flag": 2, "change_message": "[{\"changed\": {\"fields\": [\"\\u0410\\u0434\\u0440\\u0435\\u0441\"]}}]"}}, {"model": "admin.logentry", "pk": 73, "fields": {"action_time": "2022-05-20T11:27:28.867Z", "user": 1, "content_type": 5, "object_id": "29", "object_repr": "тим кук, Калифорния", "action_flag": 3, "change_message": ""}}, {"model": "admin.logentry", "pk": 74, "fields": {"action_time": "2022-05-20T11:28:15.340Z", "user": 1, "content_type": 5, "object_id": "1", "object_repr": "Есения Иванова, Орёл, Ленина 1", "action_flag": 2, "change_message": "[{\"changed\": {\"fields\": [\"\\u0410\\u0434\\u0440\\u0435\\u0441\"]}}]"}}, {"model": "admin.logentry", "pk": 75, "fields": {"action_time": "2022-05-20T11:29:16.835Z", "user": 1, "content_type": 5, "object_id": "30", "object_repr": "тим кук, Калифорния", "action_flag": 3, "change_message": ""}}, {"model": "admin.logentry", "pk": 76, "fields": {"action_time": "2022-05-20T11:32:04.173Z", "user": 1, "content_type": 5, "object_id": "31", "object_repr": "фывфывф ывфыв, Калифорния", "action_flag": 3, "change_message": ""}}, {"model": "admin.logentry", "pk": 77, "fields": {"action_time": "2022-05-20T11:36:11.923Z", "user": 1, "content_type": 5, "object_id": "34", "object_repr": "митя васин, Москва", "action_flag": 2, "change_message": "[{\"changed\": {\"fields\": [\"\\u0410\\u0434\\u0440\\u0435\\u0441\"]}}]"}}, {"model": "admin.logentry", "pk": 78, "fields": {"action_time": "2022-05-20T11:36:25.602Z", "user": 1, "content_type": 5, "object_id": "33", "object_repr": "митя петров, Орёл, Ленина 1", "action_flag": 2, "change_message": "[{\"changed\": {\"fields\": [\"\\u0410\\u0434\\u0440\\u0435\\u0441\"]}}]"}}, {"model": "admin.logentry", "pk": 79, "fields": {"action_time": "2022-05-20T13:13:26.949Z", "user": 1, "content_type": 13, "object_id": "38", "object_repr": "(37.270253 -119.989365) Калифорния", "action_flag": 3, "change_message": ""}}, {"model": "admin.logentry", "pk": 80, "fields": {"action_time": "2022-05-20T13:13:26.964Z", "user": 1, "content_type": 13, "object_id": "36", "object_repr": "(20.676941 -103.345927) гвадалахара", "action_flag": 3, "change_message": ""}}, {"model": "admin.logentry", "pk": 81, "fields": {"action_time": "2022-05-20T13:13:26.973Z", "user": 1, "content_type": 13, "object_id": "33", "object_repr": "(3.458367 -76.528377) Кали", "action_flag": 3, "change_message": ""}}, {"model": "admin.logentry", "pk": 82, "fields": {"action_time": "2022-05-20T13:13:39.580Z", "user": 1, "content_type": 5, "object_id": "35", "object_repr": "ввв ввв, Калифорния", "action_flag": 3, "change_message": ""}}, {"model": "admin.logentry", "pk": 83, "fields": {"action_time": "2022-05-20T13:14:24.920Z", "user": 1, "content_type": 5, "object_id": "32", "object_repr": "vмитя митев, Орел", "action_flag": 2, "change_message": "[{\"changed\": {\"fields\": [\"\\u0410\\u0434\\u0440\\u0435\\u0441\"]}}]"}}, {"model": "admin.logentry", "pk": 84, "fields": {"action_time": "2022-05-20T13:18:04.630Z", "user": 1, "content_type": 13, "object_id": "43", "object_repr": "(-119.989365 37.270253) Калифорния", "action_flag": 3, "change_message": ""}}, {"model": "admin.logentry", "pk": 85, "fields": {"action_time": "2022-05-20T13:18:13.378Z", "user": 1, "content_type": 5, "object_id": "36", "object_repr": "ааа аыв, Калифорния", "action_flag": 3, "change_message": ""}}, {"model": "admin.logentry", "pk": 86, "fields": {"action_time": "2022-05-20T13:19:41.062Z", "user": 1, "content_type": 13, "object_id": "44", "object_repr": "(-99.68293 31.169452) Техас", "action_flag": 3, "change_message": ""}}, {"model": "admin.logentry", "pk": 87, "fields": {"action_time": "2022-05-20T13:19:49.460Z", "user": 1, "content_type": 5, "object_id": "37", "object_repr": "ss asdas, Техас", "action_flag": 3, "change_message": ""}}, {"model": "admin.logentry", "pk": 88, "fields": {"action_time": "2022-05-20T13:20:36.181Z", "user": 1, "content_type": 5, "object_id": "38", "object_repr": "ddd asd, Техас", "action_flag": 2, "change_message": "[]"}}, {"model": "admin.logentry", "pk": 89, "fields": {"action_time": "2022-05-20T13:21:03.465Z", "user": 1, "content_type": 5, "object_id": "1", "object_repr": "Есения Иванова, Серпухов", "action_flag": 2, "change_message": "[{\"changed\": {\"fields\": [\"\\u0410\\u0434\\u0440\\u0435\\u0441\"]}}]"}}, {"model": "admin.logentry", "pk": 90, "fields": {"action_time": "2022-05-20T13:21:23.954Z", "user": 1, "content_type": 5, "object_id": "38", "object_repr": "ddd asd, Калифорния", "action_flag": 2, "change_message": "[{\"changed\": {\"fields\": [\"\\u0410\\u0434\\u0440\\u0435\\u0441\"]}}]"}}, {"model": "admin.logentry", "pk": 91, "fields": {"action_time": "2022-05-20T13:21:40.993Z", "user": 1, "content_type": 5, "object_id": "38", "object_repr": "ddd asd, Техас", "action_flag": 2, "change_message": "[{\"changed\": {\"fields\": [\"\\u0410\\u0434\\u0440\\u0435\\u0441\"]}}]"}}, {"model": "admin.logentry", "pk": 92, "fields": {"action_time": "2022-05-25T10:03:01.946Z", "user": 1, "content_type": 5, "object_id": "18", "object_repr": "сева райский, петровка 38", "action_flag": 2, "change_message": "[{\"changed\": {\"fields\": [\"\\u0421\\u043f\\u043e\\u0441\\u043e\\u0431 \\u043e\\u043f\\u043b\\u0430\\u0442\\u044b\"]}}]"}}, {"model": "admin.logentry", "pk": 93, "fields": {"action_time": "2022-05-25T10:09:58.824Z", "user": 1, "content_type": 5, "object_id": "2", "object_repr": "Василий Фролов, Арбат 11", "action_flag": 2, "change_message": "[]"}}, {"model": "admin.logentry", "pk": 94, "fields": {"action_time": "2022-05-25T10:10:28.531Z", "user": 1, "content_type": 5, "object_id": "2", "object_repr": "Василий Фролов, Арбат 11", "action_flag": 2, "change_message": "[]"}}, {"model": "admin.logentry", "pk": 95, "fields": {"action_time": "2022-05-25T10:39:29.373Z", "user": 1, "content_type": 5, "object_id": "39", "object_repr": "asdasd asdasds, Лондон", "action_flag": 2, "change_message": "[{\"changed\": {\"name\": \"\\u0417\\u0430\\u043a\\u0430\\u0437\\u0430\\u043d\\u043d\\u044b\\u0439 \\u0442\\u043e\\u0432\\u0430\\u0440\", \"object\": \"\\u0422\\u0440\\u043e\\u0439\\u043d\\u043e\\u0439 \\u0412\\u043e\\u043f\\u043f\\u0435\\u0440\", \"fields\": [\"\\u041a\\u043e\\u043b\\u0438\\u0447\\u0435\\u0441\\u0442\\u0432\\u043e\"]}}]"}}, {"model": "admin.logentry", "pk": 96, "fields": {"action_time": "2022-05-25T11:50:36.494Z", "user": 1, "content_type": 5, "object_id": "1", "object_repr": "Есения Иванова, Серпухов", "action_flag": 2, "change_message": "[{\"changed\": {\"fields\": [\"\\u0413\\u043e\\u0442\\u043e\\u0432\\u044f\\u0449\\u0438\\u0439 \\u0440\\u0435\\u0441\\u0442\\u043e\\u0440\\u0430\\u043d\"]}}]"}}, {"model": "admin.logentry", "pk": 97, "fields": {"action_time": "2022-05-25T11:55:27.263Z", "user": 1, "content_type": 5, "object_id": "2", "object_repr": "Василий Фролов, Арбат 11", "action_flag": 2, "change_message": "[{\"changed\": {\"fields\": [\"\\u0413\\u043e\\u0442\\u043e\\u0432\\u044f\\u0449\\u0438\\u0439 \\u0440\\u0435\\u0441\\u0442\\u043e\\u0440\\u0430\\u043d\"]}}]"}}, {"model": "admin.logentry", "pk": 98, "fields": {"action_time": "2022-05-25T12:02:22.130Z", "user": 1, "content_type": 5, "object_id": "1", "object_repr": "Есения Иванова, Серпухов", "action_flag": 2, "change_message": "[{\"changed\": {\"fields\": [\"\\u0421\\u0442\\u0430\\u0442\\u0443\\u0441 \\u0417\\u0430\\u043a\\u0430\\u0437\\u0430\"]}}]"}}, {"model": "admin.logentry", "pk": 99, "fields": {"action_time": "2022-05-25T13:05:39.072Z", "user": 1, "content_type": 5, "object_id": "3", "object_repr": "Анна Маслова, Москва, Красная площадь", "action_flag": 2, "change_message": "[{\"changed\": {\"fields\": [\"\\u0413\\u043e\\u0442\\u043e\\u0432\\u044f\\u0449\\u0438\\u0439 \\u0440\\u0435\\u0441\\u0442\\u043e\\u0440\\u0430\\u043d\"]}}]"}}, {"model": "admin.logentry", "pk": 100, "fields": {"action_time": "2022-05-30T08:53:19.515Z", "user": 1, "content_type": 13, "object_id": "68", "object_repr": "(None None) Лондфффффон", "action_flag": 3, "change_message": ""}}, {"model": "admin.logentry", "pk": 101, "fields": {"action_time": "2022-05-30T08:53:19.525Z", "user": 1, "content_type": 13, "object_id": "67", "object_repr": "(None None) ''", "action_flag": 3, "change_message": ""}}, {"model": "admin.logentry", "pk": 102, "fields": {"action_time": "2022-05-30T08:53:19.535Z", "user": 1, "content_type": 13, "object_id": "66", "object_repr": "(None None) ssssssss", "action_flag": 3, "change_message": ""}}, {"model": "admin.logentry", "pk": 103, "fields": {"action_time": "2022-05-30T09:44:09.660Z", "user": 1, "content_type": 13, "object_id": "71", "object_repr": "(30.416767 59.722336) Пушкин", "action_flag": 3, "change_message": ""}}, {"model": "admin.logentry", "pk": 104, "fields": {"action_time": "2022-05-30T09:44:09.674Z", "user": 1, "content_type": 13, "object_id": "70", "object_repr": "(38.500446 52.621938) Елец", "action_flag": 3, "change_message": ""}}, {"model": "admin.logentry", "pk": 105, "fields": {"action_time": "2022-05-30T10:10:39.173Z", "user": 1, "content_type": 13, "object_id": "79", "object_repr": "(45.692421 43.318366) Грозный", "action_flag": 3, "change_message": ""}}, {"model": "admin.logentry", "pk": 106, "fields": {"action_time": "2022-05-30T10:10:39.211Z", "user": 1, "content_type": 13, "object_id": "78", "object_repr": "(34.976157 44.850532) Судак", "action_flag": 3, "change_message": ""}}, {"model": "admin.logentry", "pk": 107, "fields": {"action_time": "2022-05-30T10:11:21.624Z", "user": 1, "content_type": 13, "object_id": "81", "object_repr": "(45.692421 43.318366) Грозный", "action_flag": 3, "change_message": ""}}, {"model": "admin.logentry", "pk": 108, "fields": {"action_time": "2022-05-30T10:11:21.635Z", "user": 1, "content_type": 13, "object_id": "80", "object_repr": "(34.976157 44.850532) Судак", "action_flag": 3, "change_message": ""}}, {"model": "admin.logentry", "pk": 109, "fields": {"action_time": "2022-05-30T10:13:46.947Z", "user": 1, "content_type": 13, "object_id": "83", "object_repr": "(45.692421 43.318366) Грозный", "action_flag": 3, "change_message": ""}}, {"model": "admin.logentry", "pk": 110, "fields": {"action_time": "2022-05-30T10:13:46.980Z", "user": 1, "content_type": 13, "object_id": "82", "object_repr": "(34.976157 44.850532) Судак", "action_flag": 3, "change_message": ""}}, {"model": "admin.logentry", "pk": 111, "fields": {"action_time": "2022-05-30T10:18:39.264Z", "user": 1, "content_type": 13, "object_id": "85", "object_repr": "(45.692421 43.318366) Грозный", "action_flag": 3, "change_message": ""}}, {"model": "admin.logentry", "pk": 112, "fields": {"action_time": "2022-05-30T10:18:39.298Z", "user": 1, "content_type": 13, "object_id": "84", "object_repr": "(34.976157 44.850532) Судак", "action_flag": 3, "change_message": ""}}, {"model": "admin.logentry", "pk": 113, "fields": {"action_time": "2022-05-30T10:19:46.306Z", "user": 1, "content_type": 13, "object_id": "87", "object_repr": "(45.692421 43.318366) Грозный", "action_flag": 3, "change_message": ""}}, {"model": "admin.logentry", "pk": 114, "fields": {"action_time": "2022-05-30T10:19:46.330Z", "user": 1, "content_type": 13, "object_id": "86", "object_repr": "(34.976157 44.850532) Судак", "action_flag": 3, "change_message": ""}}, {"model": "admin.logentry", "pk": 115, "fields": {"action_time": "2022-05-30T10:26:07.977Z", "user": 1, "content_type": 13, "object_id": "89", "object_repr": "(45.692421 43.318366) Грозный", "action_flag": 3, "change_message": ""}}, {"model": "admin.logentry", "pk": 116, "fields": {"action_time": "2022-05-30T10:26:08Z", "user": 1, "content_type": 13, "object_id": "88", "object_repr": "(34.976157 44.850532) Судак", "action_flag": 3, "change_message": ""}}, {"model": "admin.logentry", "pk": 117, "fields": {"action_time": "2022-05-30T10:30:18.700Z", "user": 1, "content_type": 13, "object_id": "92", "object_repr": "(73.088504 49.80776) Краганда", "action_flag": 3, "change_message": ""}}, {"model": "admin.logentry", "pk": 118, "fields": {"action_time": "2022-05-30T10:30:18.719Z", "user": 1, "content_type": 13, "object_id": "91", "object_repr": "(45.692421 43.318366) Грозный", "action_flag": 3, "change_message": ""}}, {"model": "admin.logentry", "pk": 119, "fields": {"action_time": "2022-05-30T10:30:18.733Z", "user": 1, "content_type": 13, "object_id": "90", "object_repr": "(34.976157 44.850532) Судак", "action_flag": 3, "change_message": ""}}, {"model": "admin.logentry", "pk": 120, "fields": {"action_time": "2022-05-30T10:36:03.899Z", "user": 1, "content_type": 13, "object_id": "93", "object_repr": "(34.976157 44.850532) Судак", "action_flag": 3, "change_message": ""}}, {"model": "admin.logentry", "pk": 121, "fields": {"action_time": "2022-05-30T10:36:03.937Z", "user": 1, "content_type": 13, "object_id": "77", "object_repr": "(64.050113 67.493504) Воркута", "action_flag": 3, "change_message": ""}}, {"model": "admin.logentry", "pk": 122, "fields": {"action_time": "2022-05-30T10:47:27.516Z", "user": 1, "content_type": 13, "object_id": "76", "object_repr": "(None None) Лондфффффон", "action_flag": 3, "change_message": ""}}, {"model": "admin.logentry", "pk": 123, "fields": {"action_time": "2022-05-30T10:47:27.535Z", "user": 1, "content_type": 13, "object_id": "75", "object_repr": "(None None) ''", "action_flag": 3, "change_message": ""}}, {"model": "admin.logentry", "pk": 124, "fields": {"action_time": "2022-05-30T10:47:27.545Z", "user": 1, "content_type": 13, "object_id": "74", "object_repr": "(None None) ssssssss", "action_flag": 3, "change_message": ""}}, {"model": "admin.logentry", "pk": 125, "fields": {"action_time": "2022-05-30T11:08:52.873Z", "user": 1, "content_type": 13, "object_id": "100", "object_repr": "(None None) Лондфффффон", "action_flag": 3, "change_message": ""}}, {"model": "admin.logentry", "pk": 126, "fields": {"action_time": "2022-05-30T11:08:52.893Z", "user": 1, "content_type": 13, "object_id": "99", "object_repr": "(None None) ''", "action_flag": 3, "change_message": ""}}, {"model": "admin.logentry", "pk": 127, "fields": {"action_time": "2022-05-30T11:08:52.904Z", "user": 1, "content_type": 13, "object_id": "98", "object_repr": "(None None) ssssssss", "action_flag": 3, "change_message": ""}}, {"model": "admin.logentry", "pk": 128, "fields": {"action_time": "2022-05-30T11:08:52.919Z", "user": 1, "content_type": 13, "object_id": "97", "object_repr": "(73.088504 49.80776) Краганда", "action_flag": 3, "change_message": ""}}, {"model": "admin.logentry", "pk": 129, "fields": {"action_time": "2022-05-30T11:08:52.934Z", "user": 1, "content_type": 13, "object_id": "96", "object_repr": "(45.692421 43.318366) Грозный", "action_flag": 3, "change_message": ""}}, {"model": "admin.logentry", "pk": 130, "fields": {"action_time": "2022-05-30T11:08:52.942Z", "user": 1, "content_type": 13, "object_id": "95", "object_repr": "(34.976157 44.850532) Судак", "action_flag": 3, "change_message": ""}}, {"model": "admin.logentry", "pk": 131, "fields": {"action_time": "2022-05-30T11:10:50.815Z", "user": 1, "content_type": 13, "object_id": "106", "object_repr": "(None None) Лондфффффон", "action_flag": 3, "change_message": ""}}, {"model": "admin.logentry", "pk": 132, "fields": {"action_time": "2022-05-30T11:10:50.838Z", "user": 1, "content_type": 13, "object_id": "105", "object_repr": "(None None) ''", "action_flag": 3, "change_message": ""}}, {"model": "admin.logentry", "pk": 133, "fields": {"action_time": "2022-05-30T11:10:50.847Z", "user": 1, "content_type": 13, "object_id": "104", "object_repr": "(None None) ssssssss", "action_flag": 3, "change_message": ""}}, {"model": "admin.logentry", "pk": 134, "fields": {"action_time": "2022-05-30T11:10:50.865Z", "user": 1, "content_type": 13, "object_id": "103", "object_repr": "(73.088504 49.80776) Краганда", "action_flag": 3, "change_message": ""}}, {"model": "admin.logentry", "pk": 135, "fields": {"action_time": "2022-05-30T11:10:50.880Z", "user": 1, "content_type": 13, "object_id": "102", "object_repr": "(45.692421 43.318366) Грозный", "action_flag": 3, "change_message": ""}}, {"model": "admin.logentry", "pk": 136, "fields": {"action_time": "2022-05-30T11:11:30.966Z", "user": 1, "content_type": 13, "object_id": "101", "object_repr": "(34.976157 44.850532) Судак", "action_flag": 3, "change_message": ""}}, {"model": "admin.logentry", "pk": 137, "fields": {"action_time": "2022-05-30T11:11:30.981Z", "user": 1, "content_type": 13, "object_id": "94", "object_repr": "(64.050113 67.493504) Воркута", "action_flag": 3, "change_message": ""}}, {"model": "admin.logentry", "pk": 138, "fields": {"action_time": "2022-05-30T11:21:59.965Z", "user": 1, "content_type": 13, "object_id": "108", "object_repr": "(None None) ''", "action_flag": 3, "change_message": ""}}, {"model": "admin.logentry", "pk": 139, "fields": {"action_time": "2022-05-30T11:21:59.980Z", "user": 1, "content_type": 13, "object_id": "107", "object_repr": "(None None) ssssssss", "action_flag": 3, "change_message": ""}}, {"model": "admin.logentry", "pk": 140, "fields": {"action_time": "2022-05-30T11:23:09.363Z", "user": 1, "content_type": 13, "object_id": "115", "object_repr": "(None None) ''", "action_flag": 3, "change_message": ""}}, {"model": "admin.logentry", "pk": 141, "fields": {"action_time": "2022-05-30T11:23:09.381Z", "user": 1, "content_type": 13, "object_id": "114", "object_repr": "(None None) ssssssss", "action_flag": 3, "change_message": ""}}, {"model": "admin.logentry", "pk": 142, "fields": {"action_time": "2022-05-30T11:23:09.396Z", "user": 1, "content_type": 13, "object_id": "109", "object_repr": "(None None) Лондфффффон", "action_flag": 3, "change_message": ""}}, {"model": "admin.logentry", "pk": 143, "fields": {"action_time": "2022-05-30T11:24:04.672Z", "user": 1, "content_type": 13, "object_id": "118", "object_repr": "(None None) Лондфффффон", "action_flag": 3, "change_message": ""}}, {"model": "admin.logentry", "pk": 144, "fields": {"action_time": "2022-05-30T11:24:04.697Z", "user": 1, "content_type": 13, "object_id": "117", "object_repr": "(None None) ''", "action_flag": 3, "change_message": ""}}, {"model": "admin.logentry", "pk": 145, "fields": {"action_time": "2022-05-30T11:24:04.708Z", "user": 1, "content_type": 13, "object_id": "116", "object_repr": "(None None) ssssssss", "action_flag": 3, "change_message": ""}}, {"model": "admin.logentry", "pk": 146, "fields": {"action_time": "2022-05-30T13:27:19.540Z", "user": 1, "content_type": 13, "object_id": "113", "object_repr": "(73.088504 49.80776) Краганда", "action_flag": 3, "change_message": ""}}, {"model": "admin.logentry", "pk": 147, "fields": {"action_time": "2022-05-30T13:27:19.565Z", "user": 1, "content_type": 13, "object_id": "112", "object_repr": "(45.692421 43.318366) Грозный", "action_flag": 3, "change_message": ""}}, {"model": "admin.logentry", "pk": 148, "fields": {"action_time": "2022-05-30T13:27:19.575Z", "user": 1, "content_type": 13, "object_id": "111", "object_repr": "(34.976157 44.850532) Судак", "action_flag": 3, "change_message": ""}}, {"model": "admin.logentry", "pk": 149, "fields": {"action_time": "2022-05-30T13:27:19.584Z", "user": 1, "content_type": 13, "object_id": "110", "object_repr": "(64.050113 67.493504) Воркута", "action_flag": 3, "change_message": ""}}, {"model": "admin.logentry", "pk": 150, "fields": {"action_time": "2022-05-30T13:37:09.554Z", "user": 1, "content_type": 13, "object_id": "122", "object_repr": "(73.088504 49.80776) Краганда", "action_flag": 3, "change_message": ""}}, {"model": "admin.logentry", "pk": 151, "fields": {"action_time": "2022-05-30T13:37:09.565Z", "user": 1, "content_type": 13, "object_id": "121", "object_repr": "(45.692421 43.318366) Грозный", "action_flag": 3, "change_message": ""}}, {"model": "admin.logentry", "pk": 152, "fields": {"action_time": "2022-05-30T13:37:09.574Z", "user": 1, "content_type": 13, "object_id": "120", "object_repr": "(34.976157 44.850532) Судак", "action_flag": 3, "change_message": ""}}, {"model": "admin.logentry", "pk": 153, "fields": {"action_time": "2022-05-30T13:37:09.582Z", "user": 1, "content_type": 13, "object_id": "119", "object_repr": "(64.050113 67.493504) Воркута", "action_flag": 3, "change_message": ""}}, {"model": "admin.logentry", "pk": 154, "fields": {"action_time": "2022-05-30T13:38:18.581Z", "user": 1, "content_type": 13, "object_id": "126", "object_repr": "(73.088504 49.80776) Краганда", "action_flag": 3, "change_message": ""}}, {"model": "admin.logentry", "pk": 155, "fields": {"action_time": "2022-05-30T13:38:18.592Z", "user": 1, "content_type": 13, "object_id": "125", "object_repr": "(45.692421 43.318366) Грозный", "action_flag": 3, "change_message": ""}}, {"model": "admin.logentry", "pk": 156, "fields": {"action_time": "2022-05-30T13:38:18.603Z", "user": 1, "content_type": 13, "object_id": "124", "object_repr": "(34.976157 44.850532) Судак", "action_flag": 3, "change_message": ""}}, {"model": "admin.logentry", "pk": 157, "fields": {"action_time": "2022-05-30T13:38:18.612Z", "user": 1, "content_type": 13, "object_id": "123", "object_repr": "(64.050113 67.493504) Воркута", "action_flag": 3, "change_message": ""}}, {"model": "admin.logentry", "pk": 158, "fields": {"action_time": "2022-05-30T13:38:52.837Z", "user": 1, "content_type": 13, "object_id": "130", "object_repr": "(73.088504 49.80776) Краганда", "action_flag": 3, "change_message": ""}}, {"model": "admin.logentry", "pk": 159, "fields": {"action_time": "2022-05-30T13:38:52.848Z", "user": 1, "content_type": 13, "object_id": "129", "object_repr": "(45.692421 43.318366) Грозный", "action_flag": 3, "change_message": ""}}, {"model": "admin.logentry", "pk": 160, "fields": {"action_time": "2022-05-30T13:38:52.857Z", "user": 1, "content_type": 13, "object_id": "128", "object_repr": "(34.976157 44.850532) Судак", "action_flag": 3, "change_message": ""}}, {"model": "admin.logentry", "pk": 161, "fields": {"action_time": "2022-05-30T13:38:52.866Z", "user": 1, "content_type": 13, "object_id": "127", "object_repr": "(64.050113 67.493504) Воркута", "action_flag": 3, "change_message": ""}}, {"model": "admin.logentry", "pk": 162, "fields": {"action_time": "2022-06-05T15:49:19.059Z", "user": 1, "content_type": 5, "object_id": "41", "object_repr": "Васиыыыыыылий Васильевич, Лондфффффон", "action_flag": 3, "change_message": ""}}, {"model": "admin.logentry", "pk": 163, "fields": {"action_time": "2022-06-05T15:49:19.069Z", "user": 1, "content_type": 5, "object_id": "9", "object_repr": "паша молчанов, ssssssss", "action_flag": 3, "change_message": ""}}, {"model": "admin.logentry", "pk": 164, "fields": {"action_time": "2022-06-05T15:50:04.887Z", "user": 1, "content_type": 5, "object_id": "64", "object_repr": "dsа asd, 8о88о8ом", "action_flag": 3, "change_message": ""}}, {"model": "admin.logentry", "pk": 165, "fields": {"action_time": "2022-06-05T15:50:04.897Z", "user": 1, "content_type": 5, "object_id": "63", "object_repr": "dsа asd, sssss", "action_flag": 3, "change_message": ""}}, {"model": "admin.logentry", "pk": 166, "fields": {"action_time": "2022-06-05T15:54:58.281Z", "user": 1, "content_type": 5, "object_id": "10", "object_repr": "лидия петровна, ''", "action_flag": 3, "change_message": ""}}, {"model": "admin.logentry", "pk": 167, "fields": {"action_time": "2022-06-05T15:58:40.286Z", "user": 1, "content_type": 5, "object_id": "65", "object_repr": "dsа asd, sssss", "action_flag": 3, "change_message": ""}}, {"model": "admin.logentry", "pk": 168, "fields": {"action_time": "2022-06-07T19:12:11.806Z", "user": 1, "content_type": 5, "object_id": "2", "object_repr": "Василий Фролов, Арбат 11", "action_flag": 2, "change_message": "[]"}}, {"model": "admin.logentry", "pk": 169, "fields": {"action_time": "2022-06-07T19:12:24.576Z", "user": 1, "content_type": 5, "object_id": "1", "object_repr": "Есения Иванова, Серпухов", "action_flag": 2, "change_message": "[{\"changed\": {\"fields\": [\"\\u0413\\u043e\\u0442\\u043e\\u0432\\u044f\\u0449\\u0438\\u0439 \\u0440\\u0435\\u0441\\u0442\\u043e\\u0440\\u0430\\u043d\"]}}]"}}, {"model": "admin.logentry", "pk": 170, "fields": {"action_time": "2022-06-07T19:12:44.393Z", "user": 1, "content_type": 5, "object_id": "1", "object_repr": "Есения Иванова, Серпухов", "action_flag": 2, "change_message": "[]"}}, {"model": "admin.logentry", "pk": 171, "fields": {"action_time": "2022-06-07T19:15:15.561Z", "user": 1, "content_type": 5, "object_id": "2", "object_repr": "Василий Фролов, Арбат 11", "action_flag": 2, "change_message": "[{\"changed\": {\"fields\": [\"\\u0413\\u043e\\u0442\\u043e\\u0432\\u044f\\u0449\\u0438\\u0439 \\u0440\\u0435\\u0441\\u0442\\u043e\\u0440\\u0430\\u043d\"]}}]"}}, {"model": "admin.logentry", "pk": 172, "fields": {"action_time": "2022-06-07T19:15:30.075Z", "user": 1, "content_type": 5, "object_id": "3", "object_repr": "Анна Маслова, Москва, Красная площадь", "action_flag": 2, "change_message": "[{\"changed\": {\"fields\": [\"\\u0413\\u043e\\u0442\\u043e\\u0432\\u044f\\u0449\\u0438\\u0439 \\u0440\\u0435\\u0441\\u0442\\u043e\\u0440\\u0430\\u043d\"]}}]"}}, {"model": "admin.logentry", "pk": 173, "fields": {"action_time": "2022-06-08T11:57:53.033Z", "user": 1, "content_type": 5, "object_id": "4", "object_repr": "Ольга Жукова, Охотный ряд 1", "action_flag": 2, "change_message": "[{\"changed\": {\"fields\": [\"\\u0413\\u043e\\u0442\\u043e\\u0432\\u044f\\u0449\\u0438\\u0439 \\u0440\\u0435\\u0441\\u0442\\u043e\\u0440\\u0430\\u043d\"]}}]"}}, {"model": "auth.permission", "pk": 1, "fields": {"name": "Can add товар", "content_type": 1, "codename": "add_product"}}, {"model": "auth.permission", "pk": 2, "fields": {"name": "Can change товар", "content_type": 1, "codename": "change_product"}}, {"model": "auth.permission", "pk": 3, "fields": {"name": "Can delete товар", "content_type": 1, "codename": "delete_product"}}, {"model": "auth.permission", "pk": 4, "fields": {"name": "Can view товар", "content_type": 1, "codename": "view_product"}}, {"model": "auth.permission", "pk": 5, "fields": {"name": "Can add ресторан", "content_type": 2, "codename": "add_restaurant"}}, {"model": "auth.permission", "pk": 6, "fields": {"name": "Can change ресторан", "content_type": 2, "codename": "change_restaurant"}}, {"model": "auth.permission", "pk": 7, "fields": {"name": "Can delete ресторан", "content_type": 2, "codename": "delete_restaurant"}}, {"model": "auth.permission", "pk": 8, "fields": {"name": "Can view ресторан", "content_type": 2, "codename": "view_restaurant"}}, {"model": "auth.permission", "pk": 9, "fields": {"name": "Can add пункт меню ресторана", "content_type": 3, "codename": "add_restaurantmenuitem"}}, {"model": "auth.permission", "pk": 10, "fields": {"name": "Can change пункт меню ресторана", "content_type": 3, "codename": "change_restaurantmenuitem"}}, {"model": "auth.permission", "pk": 11, "fields": {"name": "Can delete пункт меню ресторана", "content_type": 3, "codename": "delete_restaurantmenuitem"}}, {"model": "auth.permission", "pk": 12, "fields": {"name": "Can view пункт меню ресторана", "content_type": 3, "codename": "view_restaurantmenuitem"}}, {"model": "auth.permission", "pk": 13, "fields": {"name": "Can add категория", "content_type": 4, "codename": "add_productcategory"}}, {"model": "auth.permission", "pk": 14, "fields": {"name": "Can change категория", "content_type": 4, "codename": "change_productcategory"}}, {"model": "auth.permission", "pk": 15, "fields": {"name": "Can delete категория", "content_type": 4, "codename": "delete_productcategory"}}, {"model": "auth.permission", "pk": 16, "fields": {"name": "Can view категория", "content_type": 4, "codename": "view_productcategory"}}, {"model": "auth.permission", "pk": 17, "fields": {"name": "Can add Заказ", "content_type": 5, "codename": "add_order"}}, {"model": "auth.permission", "pk": 18, "fields": {"name": "Can change Заказ", "content_type": 5, "codename": "change_order"}}, {"model": "auth.permission", "pk": 19, "fields": {"name": "Can delete Заказ", "content_type": 5, "codename": "delete_order"}}, {"model": "auth.permission", "pk": 20, "fields": {"name": "Can view Заказ", "content_type": 5, "codename": "view_order"}}, {"model": "auth.permission", "pk": 21, "fields": {"name": "Can add Заказанный товар", "content_type": 6, "codename": "add_orderitem"}}, {"model": "auth.permission", "pk": 22, "fields": {"name": "Can change Заказанный товар", "content_type": 6, "codename": "change_orderitem"}}, {"model": "auth.permission", "pk": 23, "fields": {"name": "Can delete Заказанный товар", "content_type": 6, "codename": "delete_orderitem"}}, {"model": "auth.permission", "pk": 24, "fields": {"name": "Can view Заказанный товар", "content_type": 6, "codename": "view_orderitem"}}, {"model": "auth.permission", "pk": 25, "fields": {"name": "Can add log entry", "content_type": 7, "codename": "add_logentry"}}, {"model": "auth.permission", "pk": 26, "fields": {"name": "Can change log entry", "content_type": 7, "codename": "change_logentry"}}, {"model": "auth.permission", "pk": 27, "fields": {"name": "Can delete log entry", "content_type": 7, "codename": "delete_logentry"}}, {"model": "auth.permission", "pk": 28, "fields": {"name": "Can view log entry", "content_type": 7, "codename": "view_logentry"}}, {"model": "auth.permission", "pk": 29, "fields": {"name": "Can add permission", "content_type": 8, "codename": "add_permission"}}, {"model": "auth.permission", "pk": 30, "fields": {"name": "Can change permission", "content_type": 8, "codename": "change_permission"}}, {"model": "auth.permission", "pk": 31, "fields": {"name": "Can delete permission", "content_type": 8, "codename": "delete_permission"}}, {"model": "auth.permission", "pk": 32, "fields": {"name": "Can view permission", "content_type": 8, "codename": "view_permission"}}, {"model": "auth.permission", "pk": 33, "fields": {"name": "Can add group", "content_type": 9, "codename": "add_group"}}, {"model": "auth.permission", "pk": 34, "fields": {"name": "Can change group", "content_type": 9, "codename": "change_group"}}, {"model": "auth.permission", "pk": 35, "fields": {"name": "Can delete group", "content_type": 9, "codename": "delete_group"}}, {"model": "auth.permission", "pk": 36, "fields": {"name": "Can view group", "content_type": 9, "codename": "view_group"}}, {"model": "auth.permission", "pk": 37, "fields": {"name": "Can add user", "content_type": 10, "codename": "add_user"}}, {"model": "auth.permission", "pk": 38, "fields": {"name": "Can change user", "content_type": 10, "codename": "change_user"}}, {"model": "auth.permission", "pk": 39, "fields": {"name": "Can delete user", "content_type": 10, "codename": "delete_user"}}, {"model": "auth.permission", "pk": 40, "fields": {"name": "Can view user", "content_type": 10, "codename": "view_user"}}, {"model": "auth.permission", "pk": 41, "fields": {"name": "Can add content type", "content_type": 11, "codename": "add_contenttype"}}, {"model": "auth.permission", "pk": 42, "fields": {"name": "Can change content type", "content_type": 11, "codename": "change_contenttype"}}, {"model": "auth.permission", "pk": 43, "fields": {"name": "Can delete content type", "content_type": 11, "codename": "delete_contenttype"}}, {"model": "auth.permission", "pk": 44, "fields": {"name": "Can view content type", "content_type": 11, "codename": "view_contenttype"}}, {"model": "auth.permission", "pk": 45, "fields": {"name": "Can add session", "content_type": 12, "codename": "add_session"}}, {"model": "auth.permission", "pk": 46, "fields": {"name": "Can change session", "content_type": 12, "codename": "change_session"}}, {"model": "auth.permission", "pk": 47, "fields": {"name": "Can delete session", "content_type": 12, "codename": "delete_session"}}, {"model": "auth.permission", "pk": 48, "fields": {"name": "Can view session", "content_type": 12, "codename": "view_session"}}, {"model": "auth.permission", "pk": 49, "fields": {"name": "Can add location", "content_type": 13, "codename": "add_location"}}, {"model": "auth.permission", "pk": 50, "fields": {"name": "Can change location", "content_type": 13, "codename": "change_location"}}, {"model": "auth.permission", "pk": 51, "fields": {"name": "Can delete location", "content_type": 13, "codename": "delete_location"}}, {"model": "auth.permission", "pk": 52, "fields": {"name": "Can view location", "content_type": 13, "codename": "view_location"}}, {"model": "auth.user", "pk": 1, "fields": {"password": "pbkdf2_sha256$260000$Znwcp7ivfJialfUQMGJWSD$RQZkaB+GNLQ7O2FXhMh9EoUs+pxbzI4xiFA2WNymDyQ=", "last_login": "2022-06-17T12:59:14.035Z", "is_superuser": true, "username": "devman", "first_name": "", "last_name": "", "email": "", "is_staff": true, "is_active": true, "date_joined": "2022-05-17T15:06:53.945Z", "groups": [], "user_permissions": []}}, {"model": "contenttypes.contenttype", "pk": 1, "fields": {"app_label": "foodcartapp", "model": "product"}}, {"model": "contenttypes.contenttype", "pk": 2, "fields": {"app_label": "foodcartapp", "model": "restaurant"}}, {"model": "contenttypes.contenttype", "pk": 3, "fields": {"app_label": "foodcartapp", "model": "restaurantmenuitem"}}, {"model": "contenttypes.contenttype", "pk": 4, "fields": {"app_label": "foodcartapp", "model": "productcategory"}}, {"model": "contenttypes.contenttype", "pk": 5, "fields": {"app_label": "foodcartapp", "model": "order"}}, {"model": "contenttypes.contenttype", "pk": 6, "fields": {"app_label": "foodcartapp", "model": "orderitem"}}, {"model": "contenttypes.contenttype", "pk": 7, "fields": {"app_label": "admin", "model": "logentry"}}, {"model": "contenttypes.contenttype", "pk": 8, "fields": {"app_label": "auth", "model": "permission"}}, {"model": "contenttypes.contenttype", "pk": 9, "fields": {"app_label": "auth", "model": "group"}}, {"model": "contenttypes.contenttype", "pk": 10, "fields": {"app_label": "auth", "model": "user"}}, {"model": "contenttypes.contenttype", "pk": 11, "fields": {"app_label": "contenttypes", "model": "contenttype"}}, {"model": "contenttypes.contenttype", "pk": 12, "fields": {"app_label": "sessions", "model": "session"}}, {"model": "contenttypes.contenttype", "pk": 13, "fields": {"app_label": "location", "model": "location"}}, {"model": "sessions.session", "pk": "46bgcnfxv9l2vrr6lvl8c4dy5jd989dt", "fields": {"session_data": ".eJxVjEEOwiAQRe_C2hAYKDgu3fcMZIBBqoYmpV0Z765NutDtf-_9lwi0rTVsnZcwZXERWpx-t0jpwW0H-U7tNss0t3WZotwVedAuxznz83q4fweVev3WZ-8SovaICIYtFM_FxFgKD-Scdh6iBbRJW0fG02ANKoaSgZRWrEC8P8qANxw:1o2BZC:cK3XkE4ihscd_fWXfopiMHgTGn8HapWBrDnRQbwGsP4", "expire_date": "2022-07-01T12:59:14.089Z"}}, {"model": "sessions.session", "pk": "on8a0gu7jua73dfhv8d5uawptc5fw6ym", "fields": {"session_data": ".eJxVjEEOwiAQRe_C2hAYKDgu3fcMZIBBqoYmpV0Z765NutDtf-_9lwi0rTVsnZcwZXERWpx-t0jpwW0H-U7tNss0t3WZotwVedAuxznz83q4fweVev3WZ-8SovaICIYtFM_FxFgKD-Scdh6iBbRJW0fG02ANKoaSgZRWrEC8P8qANxw:1o2BV7:J0gV9wrottMQ8rggVoW9bM264LRIQyxyi4gDAbdFoyI", "expire_date": "2022-07-01T12:55:01.718Z"}}, {"model": "location.location", "pk": 14, "fields": {"address": "Орел, Ленина 1", "lat": 52.965745, "lon": 36.063765, "update_date": "2022-05-17T20:15:11.887Z"}}, {"model": "location.location", "pk": 15, "fields": {"address": "Арбат 11", "lat": 55.751376, "lon": 37.597684, "update_date": "2022-05-17T20:15:12.264Z"}}, {"model": "location.location", "pk": 16, "fields": {"address": "Москва, Красная площадь", "lat": 55.753544, "lon": 37.621211, "update_date": "2022-05-17T20:15:12.643Z"}}, {"model": "location.location", "pk": 17, "fields": {"address": "лубянка 2", "lat": 55.761016, "lon": 37.627562, "update_date": "2022-05-17T20:15:13.014Z"}}, {"model": "location.location", "pk": 18, "fields": {"address": "Подольск", "lat": 55.431136, "lon": 37.544997, "update_date": "2022-05-17T20:15:13.302Z"}}, {"model": "location.location", "pk": 19, "fields": {"address": "Обнинск", "lat": 55.117092, "lon": 36.59705, "update_date": "2022-05-17T20:15:13.535Z"}}, {"model": "location.location", "pk": 20, "fields": {"address": "Санкт-Петербург", "lat": 59.938955, "lon": 30.315644, "update_date": "2022-05-17T20:15:13.821Z"}}, {"model": "location.location", "pk": 21, "fields": {"address": "Москва, пл. Киевского Вокзала, 2", "lat": 55.744637, "lon": 37.566072, "update_date": "2022-05-20T10:43:32.811Z"}}, {"model": "location.location", "pk": 22, "fields": {"address": "Москва, Цветной бульвар, 11с2", "lat": 55.770076, "lon": 37.620429, "update_date": "2022-05-20T10:44:17.419Z"}}, {"model": "location.location", "pk": 23, "fields": {"address": "Москва, ул. Новый Арбат, 15", "lat": 55.752141, "lon": 37.59242, "update_date": "2022-05-20T10:44:40.384Z"}}, {"model": "location.location", "pk": 24, "fields": {"address": "Москва, Кисельный 10", "lat": 55.765686, "lon": 37.625855, "update_date": "2022-05-17T20:41:53.108Z"}}, {"model": "location.location", "pk": 25, "fields": {"address": "Лубянка", "lat": 50.65426, "lon": 30.170125, "update_date": "2022-05-18T07:57:20.624Z"}}, {"model": "location.location", "pk": 26, "fields": {"address": "Охотный ряд 1", "lat": 55.757997, "lon": 37.615901, "update_date": "2022-05-18T11:30:03.967Z"}}, {"model": "location.location", "pk": 27, "fields": {"address": "маросейка 12", "lat": 55.757658, "lon": 37.637883, "update_date": "2022-05-20T09:22:56.403Z"}}, {"model": "location.location", "pk": 28, "fields": {"address": "Самара", "lat": 53.195878, "lon": 50.100202, "update_date": "2022-05-20T10:10:11.687Z"}}, {"model": "location.location", "pk": 29, "fields": {"address": "петровка 38", "lat": 55.769378, "lon": 37.612982, "update_date": "2022-05-20T10:13:30.204Z"}}, {"model": "location.location", "pk": 32, "fields": {"address": "тверь", "lat": 56.859625, "lon": 35.91186, "update_date": "2022-05-20T10:22:02.956Z"}}, {"model": "location.location", "pk": 34, "fields": {"address": "Омск", "lat": 73.368221, "lon": 54.989347, "update_date": "2022-05-20T10:55:47.890Z"}}, {"model": "location.location", "pk": 39, "fields": {"address": "Орел", "lat": 36.064358, "lon": 52.970756, "update_date": "2022-05-20T11:16:30.031Z"}}, {"model": "location.location", "pk": 40, "fields": {"address": "Орёл", "lat": 36.064358, "lon": 52.970756, "update_date": "2022-05-20T11:26:15.370Z"}}, {"model": "location.location", "pk": 41, "fields": {"address": "Орёл, Ленина 1", "lat": 52.965745, "lon": 36.063765, "update_date": "2022-05-20T11:28:15.898Z"}}, {"model": "location.location", "pk": 42, "fields": {"address": "Москва", "lat": 55.755864, "lon": 37.617698, "update_date": "2022-05-20T11:36:13.047Z"}}, {"model": "location.location", "pk": 45, "fields": {"address": "Техас", "lat": 31.169452, "lon": -99.68293, "update_date": "2022-05-20T13:20:13.669Z"}}, {"model": "location.location", "pk": 46, "fields": {"address": "Серпухов", "lat": 54.913681, "lon": 37.416601, "update_date": "2022-05-20T13:21:03.992Z"}}, {"model": "location.location", "pk": 47, "fields": {"address": "Калифорния", "lat": 37.270253, "lon": -119.989365, "update_date": "2022-05-20T13:21:25.201Z"}}, {"model": "location.location", "pk": 48, "fields": {"address": "Лондон", "lat": 51.507351, "lon": -0.127696, "update_date": "2022-05-20T13:31:17.474Z"}}, {"model": "location.location", "pk": 49, "fields": {"address": "Вашингтон", "lat": 38.899513, "lon": -77.036536, "update_date": "2022-05-25T14:27:27.627Z"}}, {"model": "location.location", "pk": 50, "fields": {"address": "Могилев", "lat": 53.894548, "lon": 30.330654, "update_date": "2022-05-25T14:35:50.362Z"}}, {"model": "location.location", "pk": 51, "fields": {"address": "Ростов", "lat": 57.18587, "lon": 39.414526, "update_date": "2022-05-25T14:41:24.759Z"}}, {"model": "location.location", "pk": 52, "fields": {"address": "Мурманск", "lat": 68.970663, "lon": 33.074918, "update_date": "2022-05-25T15:01:59.769Z"}}, {"model": "location.location", "pk": 53, "fields": {"address": "Тыва", "lat": 51.584332, "lon": 94.793085, "update_date": "2022-05-25T15:09:15.903Z"}}, {"model": "location.location", "pk": 54, "fields": {"address": "Магадан", "lat": 59.565155, "lon": 150.808586, "update_date": "2022-05-25T15:18:18.723Z"}}, {"model": "location.location", "pk": 55, "fields": {"address": "Рязань", "lat": 54.629565, "lon": 39.741917, "update_date": "2022-05-25T15:38:06.093Z"}}, {"model": "location.location", "pk": 56, "fields": {"address": "Карачев", "lat": 53.121594, "lon": 34.982805, "update_date": "2022-05-25T15:39:36.397Z"}}, {"model": "location.location", "pk": 57, "fields": {"address": "Волоколамск", "lat": 56.035869, "lon": 35.955222, "update_date": "2022-05-25T15:39:36.844Z"}}, {"model": "location.location", "pk": 58, "fields": {"address": "Волгоград", "lat": 48.707067, "lon": 44.516975, "update_date": "2022-05-25T18:45:48.794Z"}}, {"model": "location.location", "pk": 59, "fields": {"address": "Москваэ", "lat": 55.755864, "lon": 37.617698, "update_date": "2022-05-25T21:02:42.988Z"}}, {"model": "location.location", "pk": 60, "fields": {"address": "Москвафвц", "lat": 55.831388, "lon": 37.629277, "update_date": "2022-05-25T21:03:57.287Z"}}, {"model": "location.location", "pk": 61, "fields": {"address": "Тула", "lat": 54.193122, "lon": 37.617348, "update_date": "2022-05-25T21:04:45.671Z"}}, {"model": "location.location", "pk": 62, "fields": {"address": "Коми", "lat": 64.125467, "lon": 54.789669, "update_date": "2022-05-25T21:05:25.160Z"}}, {"model": "location.location", "pk": 63, "fields": {"address": "Ялта", "lat": 44.497415, "lon": 34.169506, "update_date": "2022-05-25T21:05:45.109Z"}}, {"model": "location.location", "pk": 64, "fields": {"address": "Крым", "lat": 45.3892, "lon": 33.993751, "update_date": "2022-05-25T21:05:55.346Z"}}, {"model": "location.location", "pk": 65, "fields": {"address": "Казань", "lat": 55.796127, "lon": 49.106414, "update_date": "2022-05-25T21:27:01.653Z"}}, {"model": "location.location", "pk": 69, "fields": {"address": "Таганрог", "lat": 47.208735, "lon": 38.936694, "update_date": "2022-05-30T09:37:57.376Z"}}, {"model": "location.location", "pk": 72, "fields": {"address": "Елец", "lat": 52.621938, "lon": 38.500446, "update_date": "2022-05-30T09:44:14.766Z"}}, {"model": "location.location", "pk": 73, "fields": {"address": "Пушкин", "lat": 59.722336, "lon": 30.416767, "update_date": "2022-05-30T09:44:14.766Z"}}, {"model": "location.location", "pk": 131, "fields": {"address": "Воркута", "lat": 67.493504, "lon": 64.050113, "update_date": "2022-05-30T13:39:06.264Z"}}, {"model": "location.location", "pk": 132, "fields": {"address": "Судак", "lat": 44.850532, "lon": 34.976157, "update_date": "2022-05-30T13:39:06.264Z"}}, {"model": "location.location", "pk": 133, "fields": {"address": "Грозный", "lat": 43.318366, "lon": 45.692421, "update_date": "2022-05-30T13:39:06.264Z"}}, {"model": "location.location", "pk": 134, "fields": {"address": "Краганда", "lat": 49.80776, "lon": 73.088504, "update_date": "2022-05-30T13:39:06.264Z"}}, {"model": "location.location", "pk": 135, "fields": {"address": "Барнаул", "lat": 53.346785, "lon": 83.776856, "update_date": "2022-05-30T19:05:57.363Z"}}, {"model": "location.location", "pk": 136, "fields": {"address": "Бердянск", "lat": 46.755673, "lon": 36.789317, "update_date": "2022-06-05T11:33:04.836Z"}}, {"model": "location.location", "pk": 137, "fields": {"address": "Рыбинск", "lat": 58.04864, "lon": 38.855711, "update_date": "2022-06-05T11:33:47.118Z"}}, {"model": "location.location", "pk": 138, "fields": {"address": "Домодедово", "lat": 55.437174, "lon": 37.768004, "update_date": "2022-06-05T11:36:35.653Z"}}, {"model": "location.location", "pk": 139, "fields": {"address": "Строгино", "lat": 55.803788, "lon": 37.402695, "update_date": "2022-06-05T12:26:47.925Z"}}, {"model": "location.location", "pk": 140, "fields": {"address": "*", "lat": 60.435435, "lon": 154.039736, "update_date": "2022-06-05T15:34:54.010Z"}}, {"model": "location.location", "pk": 141, "fields": {"address": ";", "lat": 52.498834, "lon": 45.912436, "update_date": "2022-06-05T15:35:43.113Z"}}, {"model": "location.location", "pk": 142, "fields": {"address": "@", "lat": 45.032349, "lon": 38.785418, "update_date": "2022-06-05T15:36:45.821Z"}}, {"model": "location.location", "pk": 143, "fields": {"address": "нижнекамск", "lat": 55.637576, "lon": 51.819712, "update_date": "2022-06-05T16:00:09.531Z"}}, {"model": "location.location", "pk": 144, "fields": {"address": "Сочи", "lat": 43.585472, "lon": 39.723098, "update_date": "2022-06-06T16:45:06.447Z"}}, {"model": "location.location", "pk": 145, "fields": {"address": "Астана", "lat": 51.128207, "lon": 71.43042, "update_date": "2022-06-07T09:01:00.016Z"}}, {"model": "location.location", "pk": 146, "fields": {"address": "фывуцп", "lat": null, "lon": null, "update_date": "2022-06-07T19:08:36.369Z"}}, {"model": "location.location", "pk": 147, "fields": {"address": "ждзщдз", "lat": null, "lon": null, "update_date": "2022-06-07T20:18:17.022Z"}}]